Order-No.,Customer-No.,Item-No.,"Export to not EU [1 = n, 2 = y]","Dangerous Good [1 = n, 2 = y]",Planed-Master-Scenario-No.,Planed-Master-Order-Processing-Ongoing Position No.,Planed-Master-Order-Processing-Position-No. as an ID,Planed-Master-Order-Processing-Start-Time,Planed-Master-Order-Processing-End-Time,As-Is-Real-Order-Processing-Ongoing Position No.,As-Is-Master-Order-Processing-Position-No. as an ID,As-Is-Real-Order-Processing-Start-Time,As-Is-Real-Order-Processing-End-Time,Final Yield Quantity,Total Scrap Quantity
NEAT_0001,CUS0012,ITE0021,1,1,SCE001,1,PR0001,2025-07-15 08:00:00,2025-07-15 08:10:00,1,PR0001,2025-07-15 08:00:00,2025-07-15 08:10:00,24,0
NEAT_0001,CUS0012,ITE0021,1,1,SCE001,2,PR0002,2025-07-15 08:10:00,2025-07-15 08:20:00,2,PR0002,2025-07-15 08:10:00,2025-07-15 08:20:00,24,0
NEAT_0001,CUS0012,ITE0021,1,1,SCE001,3,PR0003,2025-07-15 08:20:00,2025-07-15 08:30:00,3,PR0003,2025-07-15 08:20:00,2025-07-15 08:30:00,24,0
NEAT_0001,CUS0012,ITE0021,1,1,SCE001,4,PR0004,2025-07-15 08:30:00,2025-07-15 08:40:00,4,PR0004,2025-07-15 08:30:00,2025-07-15 08:40:00,24,0
NEAT_0001,CUS0012,ITE0021,1,1,SCE001,5,PR0005,2025-07-15 08:40:00,2025-07-15 08:50:00,5,PR0005,2025-07-15 08:40:00,2025-07-15 08:50:00,24,0
NEAT_0001,CUS0012,ITE0021,1,1,SCE001,6,PR0006,2025-07-15 08:50:00,2025-07-15 09:00:00,6,PR0006,2025-07-15 08:50:00,2025-07-15 09:00:00,24,0
NEAT_0001,CUS0012,ITE0021,1,1,SCE001,7,PR0007,2025-07-15 09:00:00,2025-07-15 09:10:00,7,PR0007,2025-07-15 09:00:00,2025-07-15 09:10:00,24,0
NEAT_0001,CUS0012,ITE0021,1,1,SCE001,8,PR0008,2025-07-15 09:10:00,2025-07-15 09:20:00,8,PR0008,2025-07-15 09:10:00,2025-07-15 09:20:00,24,0
NEAT_0001,CUS0012,ITE0021,1,1,SCE001,9,PR0009,2025-07-15 09:20:00,2025-07-15 09:30:00,9,PR0009,2025-07-15 09:20:00,2025-07-15 09:30:00,24,0
NEAT_0001,CUS0012,ITE0021,1,1,SCE001,10,PR0010,2025-07-15 09:30:00,2025-07-15 09:40:00,10,PR0010,2025-07-15 09:30:00,2025-07-15 09:40:00,24,0
NEAT_0001,CUS0012,ITE0021,1,1,SCE001,11,PR0011,2025-07-15 09:40:00,2025-07-15 09:50:00,11,PR0011,2025-07-15 09:40:00,2025-07-15 09:50:00,24,0
NEAT_0001,CUS0012,ITE0021,1,1,SCE001,12,PR0012,2025-07-15 09:50:00,2025-07-15 10:00:00,12,PR0012,2025-07-15 09:50:00,2025-07-15 10:00:00,24,0
NEAT_0002,CUS0003,ITE0007,1,1,SCE001,1,PR0001,2025-07-16 08:00:00,2025-07-16 08:10:00,1,PR0001,2025-07-16 08:00:00,2025-07-16 08:10:00,24,0
NEAT_0002,CUS0003,ITE0007,1,1,SCE001,2,PR0002,2025-07-16 08:10:00,2025-07-16 08:20:00,2,PR0002,2025-07-16 08:10:00,2025-07-16 08:20:00,24,0
NEAT_0002,CUS0003,ITE0007,1,1,SCE001,3,PR0003,2025-07-16 08:20:00,2025-07-16 08:30:00,3,PR0003,2025-07-16 08:20:00,2025-07-16 08:30:00,24,0
NEAT_0002,CUS0003,ITE0007,1,1,SCE001,4,PR0004,2025-07-16 08:30:00,2025-07-16 08:40:00,4,PR0004,2025-07-16 08:30:00,2025-07-16 08:40:00,24,0
NEAT_0002,CUS0003,ITE0007,1,1,SCE001,5,PR0005,2025-07-16 08:40:00,2025-07-16 08:50:00,5,PR0005,2025-07-16 08:40:00,2025-07-16 08:50:00,24,0
NEAT_0002,CUS0003,ITE0007,1,1,SCE001,6,PR0006,2025-07-16 08:50:00,2025-07-16 09:00:00,6,PR0006,2025-07-16 08:50:00,2025-07-16 09:00:00,24,0
NEAT_0002,CUS0003,ITE0007,1,1,SCE001,7,PR0007,2025-07-16 09:00:00,2025-07-16 09:10:00,7,PR0007,2025-07-16 09:00:00,2025-07-16 09:10:00,24,0
NEAT_0002,CUS0003,ITE0007,1,1,SCE001,8,PR0008,2025-07-16 09:10:00,2025-07-16 09:20:00,8,PR0008,2025-07-16 09:10:00,2025-07-16 09:20:00,24,0
NEAT_0002,CUS0003,ITE0007,1,1,SCE001,9,PR0009,2025-07-16 09:20:00,2025-07-16 09:30:00,9,PR0009,2025-07-16 09:20:00,2025-07-16 09:30:00,24,0
NEAT_0002,CUS0003,ITE0007,1,1,SCE001,10,PR0010,2025-07-16 09:30:00,2025-07-16 09:40:00,10,PR0010,2025-07-16 09:30:00,2025-07-16 09:40:00,24,0
NEAT_0002,CUS0003,ITE0007,1,1,SCE001,11,PR0011,2025-07-16 09:40:00,2025-07-16 09:50:00,11,PR0011,2025-07-16 09:40:00,2025-07-16 09:50:00,24,0
NEAT_0002,CUS0003,ITE0007,1,1,SCE001,12,PR0012,2025-07-16 09:50:00,2025-07-16 10:00:00,12,PR0012,2025-07-16 09:50:00,2025-07-16 10:00:00,24,0
NEAT_0003,CUS0011,ITE0038,2,2,SCE005,1,PR0001,2025-07-17 08:00:00,2025-07-17 08:10:00,1,PR0001,2025-07-17 08:00:00,2025-07-17 08:10:00,24,0
NEAT_0003,CUS0011,ITE0038,2,2,SCE005,2,PR0003,2025-07-17 08:10:00,2025-07-17 08:20:00,2,PR0003,2025-07-17 08:10:00,2025-07-17 08:20:00,24,0
NEAT_0003,CUS0011,ITE0038,2,2,SCE005,3,PR0004,2025-07-17 08:20:00,2025-07-17 08:30:00,3,PR0004,2025-07-17 08:20:00,2025-07-17 08:30:00,24,0
NEAT_0003,CUS0011,ITE0038,2,2,SCE005,4,PR0014,2025-07-17 08:30:00,2025-07-17 08:40:00,4,PR0014,2025-07-17 08:30:00,2025-07-17 08:40:00,24,0
NEAT_0003,CUS0011,ITE0038,2,2,SCE005,5,PR0012,2025-07-17 08:40:00,2025-07-17 08:50:00,5,PR0012,2025-07-17 08:40:00,2025-07-17 08:50:00,24,0
NEAT_0003,CUS0011,ITE0038,2,2,SCE005,6,PR0006,2025-07-17 08:50:00,2025-07-17 09:00:00,6,PR0006,2025-07-17 08:50:00,2025-07-17 09:00:00,24,0
NEAT_0004,CUS0007,ITE0009,2,2,SCE005,1,PR0001,2025-07-18 08:00:00,2025-07-18 08:10:00,1,PR0001,2025-07-18 08:00:00,2025-07-18 08:10:00,24,0
NEAT_0004,CUS0007,ITE0009,2,2,SCE005,2,PR0003,2025-07-18 08:10:00,2025-07-18 08:20:00,2,PR0003,2025-07-18 08:10:00,2025-07-18 08:20:00,24,0
NEAT_0004,CUS0007,ITE0009,2,2,SCE005,3,PR0004,2025-07-18 08:20:00,2025-07-18 08:30:00,3,PR0004,2025-07-18 08:20:00,2025-07-18 08:30:00,24,0
NEAT_0004,CUS0007,ITE0009,2,2,SCE005,4,PR0014,2025-07-18 08:30:00,2025-07-18 08:40:00,4,PR0014,2025-07-18 08:30:00,2025-07-18 08:40:00,24,0
NEAT_0004,CUS0007,ITE0009,2,2,SCE005,5,PR0012,2025-07-18 08:40:00,2025-07-18 08:50:00,5,PR0012,2025-07-18 08:40:00,2025-07-18 08:50:00,24,0
NEAT_0004,CUS0007,ITE0009,2,2,SCE005,6,PR0006,2025-07-18 08:50:00,2025-07-18 09:00:00,6,PR0006,2025-07-18 08:50:00,2025-07-18 09:00:00,24,0
NEAT_0005,CUS0006,ITE0036,2,2,SCE004,1,PR0001,2025-07-19 08:00:00,2025-07-19 08:10:00,1,PR0001,2025-07-19 08:00:00,2025-07-19 08:10:00,24,0
NEAT_0005,CUS0006,ITE0036,2,2,SCE004,2,PR0002,2025-07-19 08:10:00,2025-07-19 08:20:00,2,PR0002,2025-07-19 08:10:00,2025-07-19 08:20:00,24,0
NEAT_0005,CUS0006,ITE0036,2,2,SCE004,3,PR0003,2025-07-19 08:20:00,2025-07-19 08:30:00,3,PR0003,2025-07-19 08:20:00,2025-07-19 08:30:00,24,0
NEAT_0005,CUS0006,ITE0036,2,2,SCE004,4,PR0004,2025-07-19 08:30:00,2025-07-19 08:40:00,4,PR0004,2025-07-19 08:30:00,2025-07-19 08:40:00,24,0
NEAT_0005,CUS0006,ITE0036,2,2,SCE004,5,PR0005,2025-07-19 08:40:00,2025-07-19 08:50:00,5,PR0005,2025-07-19 08:40:00,2025-07-19 08:50:00,24,0
NEAT_0005,CUS0006,ITE0036,2,2,SCE004,6,PR0014,2025-07-19 08:50:00,2025-07-19 09:00:00,6,PR0014,2025-07-19 08:50:00,2025-07-19 09:00:00,24,0
NEAT_0005,CUS0006,ITE0036,2,2,SCE004,7,PR0006,2025-07-19 09:00:00,2025-07-19 09:10:00,7,PR0006,2025-07-19 09:00:00,2025-07-19 09:10:00,24,0
NEAT_0005,CUS0006,ITE0036,2,2,SCE004,8,PR0007,2025-07-19 09:10:00,2025-07-19 09:20:00,8,PR0007,2025-07-19 09:10:00,2025-07-19 09:20:00,24,0
NEAT_0005,CUS0006,ITE0036,2,2,SCE004,9,PR0008,2025-07-19 09:20:00,2025-07-19 09:30:00,9,PR0008,2025-07-19 09:20:00,2025-07-19 09:30:00,24,0
NEAT_0005,CUS0006,ITE0036,2,2,SCE004,10,PR0013,2025-07-19 09:30:00,2025-07-19 09:40:00,10,PR0013,2025-07-19 09:30:00,2025-07-19 09:40:00,24,0
NEAT_0005,CUS0006,ITE0036,2,2,SCE004,11,PR0009,2025-07-19 09:40:00,2025-07-19 09:50:00,11,PR0009,2025-07-19 09:40:00,2025-07-19 09:50:00,24,0
NEAT_0005,CUS0006,ITE0036,2,2,SCE004,12,PR0010,2025-07-19 09:50:00,2025-07-19 10:00:00,12,PR0010,2025-07-19 09:50:00,2025-07-19 10:00:00,24,0
NEAT_0005,CUS0006,ITE0036,2,2,SCE004,13,PR0011,2025-07-19 10:00:00,2025-07-19 10:10:00,13,PR0011,2025-07-19 10:00:00,2025-07-19 10:10:00,24,0
NEAT_0005,CUS0006,ITE0036,2,2,SCE004,14,PR0012,2025-07-19 10:10:00,2025-07-19 10:20:00,14,PR0012,2025-07-19 10:10:00,2025-07-19 10:20:00,24,0
NEAT_0006,CUS0003,ITE0036,2,2,SCE004,1,PR0001,2025-07-20 08:00:00,2025-07-20 08:10:00,1,PR0001,2025-07-20 08:00:00,2025-07-20 08:10:00,24,0
NEAT_0006,CUS0003,ITE0036,2,2,SCE004,2,PR0002,2025-07-20 08:10:00,2025-07-20 08:20:00,2,PR0002,2025-07-20 08:10:00,2025-07-20 08:20:00,24,0
NEAT_0006,CUS0003,ITE0036,2,2,SCE004,3,PR0003,2025-07-20 08:20:00,2025-07-20 08:30:00,3,PR0003,2025-07-20 08:20:00,2025-07-20 08:30:00,24,0
NEAT_0006,CUS0003,ITE0036,2,2,SCE004,4,PR0004,2025-07-20 08:30:00,2025-07-20 08:40:00,4,PR0004,2025-07-20 08:30:00,2025-07-20 08:40:00,24,0
NEAT_0006,CUS0003,ITE0036,2,2,SCE004,5,PR0005,2025-07-20 08:40:00,2025-07-20 08:50:00,5,PR0005,2025-07-20 08:40:00,2025-07-20 08:50:00,24,0
NEAT_0006,CUS0003,ITE0036,2,2,SCE004,6,PR0014,2025-07-20 08:50:00,2025-07-20 09:00:00,6,PR0014,2025-07-20 08:50:00,2025-07-20 09:00:00,24,0
NEAT_0006,CUS0003,ITE0036,2,2,SCE004,7,PR0006,2025-07-20 09:00:00,2025-07-20 09:10:00,7,PR0006,2025-07-20 09:00:00,2025-07-20 09:10:00,24,0
NEAT_0006,CUS0003,ITE0036,2,2,SCE004,8,PR0007,2025-07-20 09:10:00,2025-07-20 09:20:00,8,PR0007,2025-07-20 09:10:00,2025-07-20 09:20:00,24,0
NEAT_0006,CUS0003,ITE0036,2,2,SCE004,9,PR0008,2025-07-20 09:20:00,2025-07-20 09:30:00,9,PR0008,2025-07-20 09:20:00,2025-07-20 09:30:00,24,0
NEAT_0006,CUS0003,ITE0036,2,2,SCE004,10,PR0013,2025-07-20 09:30:00,2025-07-20 09:40:00,10,PR0013,2025-07-20 09:30:00,2025-07-20 09:40:00,24,0
NEAT_0006,CUS0003,ITE0036,2,2,SCE004,11,PR0009,2025-07-20 09:40:00,2025-07-20 09:50:00,11,PR0009,2025-07-20 09:40:00,2025-07-20 09:50:00,24,0
NEAT_0006,CUS0003,ITE0036,2,2,SCE004,12,PR0010,2025-07-20 09:50:00,2025-07-20 10:00:00,12,PR0010,2025-07-20 09:50:00,2025-07-20 10:00:00,24,0
NEAT_0006,CUS0003,ITE0036,2,2,SCE004,13,PR0011,2025-07-20 10:00:00,2025-07-20 10:10:00,13,PR0011,2025-07-20 10:00:00,2025-07-20 10:10:00,24,0
NEAT_0006,CUS0003,ITE0036,2,2,SCE004,14,PR0012,2025-07-20 10:10:00,2025-07-20 10:20:00,14,PR0012,2025-07-20 10:10:00,2025-07-20 10:20:00,24,0
NEAT_0007,CUS0016,ITE0003,2,2,SCE005,1,PR0001,2025-07-21 08:00:00,2025-07-21 08:10:00,1,PR0001,2025-07-21 08:00:00,2025-07-21 08:10:00,24,0
NEAT_0007,CUS0016,ITE0003,2,2,SCE005,2,PR0003,2025-07-21 08:10:00,2025-07-21 08:20:00,2,PR0003,2025-07-21 08:10:00,2025-07-21 08:20:00,24,0
NEAT_0007,CUS0016,ITE0003,2,2,SCE005,3,PR0004,2025-07-21 08:20:00,2025-07-21 08:30:00,3,PR0004,2025-07-21 08:20:00,2025-07-21 08:30:00,24,0
NEAT_0007,CUS0016,ITE0003,2,2,SCE005,4,PR0014,2025-07-21 08:30:00,2025-07-21 08:40:00,4,PR0014,2025-07-21 08:30:00,2025-07-21 08:40:00,24,0
NEAT_0007,CUS0016,ITE0003,2,2,SCE005,5,PR0012,2025-07-21 08:40:00,2025-07-21 08:50:00,5,PR0012,2025-07-21 08:40:00,2025-07-21 08:50:00,24,0
NEAT_0007,CUS0016,ITE0003,2,2,SCE005,6,PR0006,2025-07-21 08:50:00,2025-07-21 09:00:00,6,PR0006,2025-07-21 08:50:00,2025-07-21 09:00:00,24,0
NEAT_0008,CUS0017,ITE0050,2,2,SCE004,1,PR0001,2025-07-22 08:00:00,2025-07-22 08:10:00,1,PR0001,2025-07-22 08:00:00,2025-07-22 08:10:00,24,0
NEAT_0008,CUS0017,ITE0050,2,2,SCE004,2,PR0002,2025-07-22 08:10:00,2025-07-22 08:20:00,2,PR0002,2025-07-22 08:10:00,2025-07-22 08:20:00,24,0
NEAT_0008,CUS0017,ITE0050,2,2,SCE004,3,PR0003,2025-07-22 08:20:00,2025-07-22 08:30:00,3,PR0003,2025-07-22 08:20:00,2025-07-22 08:30:00,24,0
NEAT_0008,CUS0017,ITE0050,2,2,SCE004,4,PR0004,2025-07-22 08:30:00,2025-07-22 08:40:00,4,PR0004,2025-07-22 08:30:00,2025-07-22 08:40:00,24,0
NEAT_0008,CUS0017,ITE0050,2,2,SCE004,5,PR0005,2025-07-22 08:40:00,2025-07-22 08:50:00,5,PR0005,2025-07-22 08:40:00,2025-07-22 08:50:00,24,0
NEAT_0008,CUS0017,ITE0050,2,2,SCE004,6,PR0014,2025-07-22 08:50:00,2025-07-22 09:00:00,6,PR0014,2025-07-22 08:50:00,2025-07-22 09:00:00,24,0
NEAT_0008,CUS0017,ITE0050,2,2,SCE004,7,PR0006,2025-07-22 09:00:00,2025-07-22 09:10:00,7,PR0006,2025-07-22 09:00:00,2025-07-22 09:10:00,24,0
NEAT_0008,CUS0017,ITE0050,2,2,SCE004,8,PR0007,2025-07-22 09:10:00,2025-07-22 09:20:00,8,PR0007,2025-07-22 09:10:00,2025-07-22 09:20:00,24,0
NEAT_0008,CUS0017,ITE0050,2,2,SCE004,9,PR0008,2025-07-22 09:20:00,2025-07-22 09:30:00,9,PR0008,2025-07-22 09:20:00,2025-07-22 09:30:00,24,0
NEAT_0008,CUS0017,ITE0050,2,2,SCE004,10,PR0013,2025-07-22 09:30:00,2025-07-22 09:40:00,10,PR0013,2025-07-22 09:30:00,2025-07-22 09:40:00,24,0
NEAT_0008,CUS0017,ITE0050,2,2,SCE004,11,PR0009,2025-07-22 09:40:00,2025-07-22 09:50:00,11,PR0009,2025-07-22 09:40:00,2025-07-22 09:50:00,24,0
NEAT_0008,CUS0017,ITE0050,2,2,SCE004,12,PR0010,2025-07-22 09:50:00,2025-07-22 10:00:00,12,PR0010,2025-07-22 09:50:00,2025-07-22 10:00:00,24,0
NEAT_0008,CUS0017,ITE0050,2,2,SCE004,13,PR0011,2025-07-22 10:00:00,2025-07-22 10:10:00,13,PR0011,2025-07-22 10:00:00,2025-07-22 10:10:00,24,0
NEAT_0008,CUS0017,ITE0050,2,2,SCE004,14,PR0012,2025-07-22 10:10:00,2025-07-22 10:20:00,14,PR0012,2025-07-22 10:10:00,2025-07-22 10:20:00,24,0
NEAT_0009,CUS0017,ITE0034,2,1,SCE003,1,PR0001,2025-07-23 08:00:00,2025-07-23 08:10:00,1,PR0001,2025-07-23 08:00:00,2025-07-23 08:10:00,24,0
NEAT_0009,CUS0017,ITE0034,2,1,SCE003,2,PR0002,2025-07-23 08:10:00,2025-07-23 08:20:00,2,PR0002,2025-07-23 08:10:00,2025-07-23 08:20:00,24,0
NEAT_0009,CUS0017,ITE0034,2,1,SCE003,3,PR0003,2025-07-23 08:20:00,2025-07-23 08:30:00,3,PR0003,2025-07-23 08:20:00,2025-07-23 08:30:00,24,0
NEAT_0009,CUS0017,ITE0034,2,1,SCE003,4,PR0004,2025-07-23 08:30:00,2025-07-23 08:40:00,4,PR0004,2025-07-23 08:30:00,2025-07-23 08:40:00,24,0
NEAT_0009,CUS0017,ITE0034,2,1,SCE003,5,PR0005,2025-07-23 08:40:00,2025-07-23 08:50:00,5,PR0005,2025-07-23 08:40:00,2025-07-23 08:50:00,24,0
NEAT_0009,CUS0017,ITE0034,2,1,SCE003,6,PR0014,2025-07-23 08:50:00,2025-07-23 09:00:00,6,PR0014,2025-07-23 08:50:00,2025-07-23 09:00:00,24,0
NEAT_0009,CUS0017,ITE0034,2,1,SCE003,7,PR0006,2025-07-23 09:00:00,2025-07-23 09:10:00,7,PR0006,2025-07-23 09:00:00,2025-07-23 09:10:00,24,0
NEAT_0009,CUS0017,ITE0034,2,1,SCE003,8,PR0007,2025-07-23 09:10:00,2025-07-23 09:20:00,8,PR0007,2025-07-23 09:10:00,2025-07-23 09:20:00,24,0
NEAT_0009,CUS0017,ITE0034,2,1,SCE003,9,PR0008,2025-07-23 09:20:00,2025-07-23 09:30:00,9,PR0008,2025-07-23 09:20:00,2025-07-23 09:30:00,24,0
NEAT_0009,CUS0017,ITE0034,2,1,SCE003,10,PR0009,2025-07-23 09:30:00,2025-07-23 09:40:00,10,PR0009,2025-07-23 09:30:00,2025-07-23 09:40:00,24,0
NEAT_0009,CUS0017,ITE0034,2,1,SCE003,11,PR0010,2025-07-23 09:40:00,2025-07-23 09:50:00,11,PR0010,2025-07-23 09:40:00,2025-07-23 09:50:00,24,0
NEAT_0009,CUS0017,ITE0034,2,1,SCE003,12,PR0011,2025-07-23 09:50:00,2025-07-23 10:00:00,12,PR0011,2025-07-23 09:50:00,2025-07-23 10:00:00,24,0
NEAT_0009,CUS0017,ITE0034,2,1,SCE003,13,PR0012,2025-07-23 10:00:00,2025-07-23 10:10:00,13,PR0012,2025-07-23 10:00:00,2025-07-23 10:10:00,24,0
NEAT_0010,CUS0014,ITE0012,1,1,SCE001,1,PR0001,2025-07-24 08:00:00,2025-07-24 08:10:00,1,PR0001,2025-07-24 08:00:00,2025-07-24 08:10:00,24,0
NEAT_0010,CUS0014,ITE0012,1,1,SCE001,2,PR0002,2025-07-24 08:10:00,2025-07-24 08:20:00,2,PR0002,2025-07-24 08:10:00,2025-07-24 08:20:00,24,0
NEAT_0010,CUS0014,ITE0012,1,1,SCE001,3,PR0003,2025-07-24 08:20:00,2025-07-24 08:30:00,3,PR0003,2025-07-24 08:20:00,2025-07-24 08:30:00,24,0
NEAT_0010,CUS0014,ITE0012,1,1,SCE001,4,PR0004,2025-07-24 08:30:00,2025-07-24 08:40:00,4,PR0004,2025-07-24 08:30:00,2025-07-24 08:40:00,24,0
NEAT_0010,CUS0014,ITE0012,1,1,SCE001,5,PR0005,2025-07-24 08:40:00,2025-07-24 08:50:00,5,PR0005,2025-07-24 08:40:00,2025-07-24 08:50:00,24,0
NEAT_0010,CUS0014,ITE0012,1,1,SCE001,6,PR0006,2025-07-24 08:50:00,2025-07-24 09:00:00,6,PR0006,2025-07-24 08:50:00,2025-07-24 09:00:00,24,0
NEAT_0010,CUS0014,ITE0012,1,1,SCE001,7,PR0007,2025-07-24 09:00:00,2025-07-24 09:10:00,7,PR0007,2025-07-24 09:00:00,2025-07-24 09:10:00,24,0
NEAT_0010,CUS0014,ITE0012,1,1,SCE001,8,PR0008,2025-07-24 09:10:00,2025-07-24 09:20:00,8,PR0008,2025-07-24 09:10:00,2025-07-24 09:20:00,24,0
NEAT_0010,CUS0014,ITE0012,1,1,SCE001,9,PR0009,2025-07-24 09:20:00,2025-07-24 09:30:00,9,PR0009,2025-07-24 09:20:00,2025-07-24 09:30:00,24,0
NEAT_0010,CUS0014,ITE0012,1,1,SCE001,10,PR0010,2025-07-24 09:30:00,2025-07-24 09:40:00,10,PR0010,2025-07-24 09:30:00,2025-07-24 09:40:00,24,0
NEAT_0010,CUS0014,ITE0012,1,1,SCE001,11,PR0011,2025-07-24 09:40:00,2025-07-24 09:50:00,11,PR0011,2025-07-24 09:40:00,2025-07-24 09:50:00,24,0
NEAT_0010,CUS0014,ITE0012,1,1,SCE001,12,PR0012,2025-07-24 09:50:00,2025-07-24 10:00:00,12,PR0012,2025-07-24 09:50:00,2025-07-24 10:00:00,24,0
NEAT_0011,CUS0011,ITE0016,1,2,SCE002,1,PR0001,2025-07-25 08:00:00,2025-07-25 08:10:00,1,PR0001,2025-07-25 08:00:00,2025-07-25 08:10:00,24,0
NEAT_0011,CUS0011,ITE0016,1,2,SCE002,2,PR0002,2025-07-25 08:10:00,2025-07-25 08:20:00,2,PR0002,2025-07-25 08:10:00,2025-07-25 08:20:00,24,0
NEAT_0011,CUS0011,ITE0016,1,2,SCE002,3,PR0003,2025-07-25 08:20:00,2025-07-25 08:30:00,3,PR0003,2025-07-25 08:20:00,2025-07-25 08:30:00,24,0
NEAT_0011,CUS0011,ITE0016,1,2,SCE002,4,PR0004,2025-07-25 08:30:00,2025-07-25 08:40:00,4,PR0004,2025-07-25 08:30:00,2025-07-25 08:40:00,24,0
NEAT_0011,CUS0011,ITE0016,1,2,SCE002,5,PR0005,2025-07-25 08:40:00,2025-07-25 08:50:00,5,PR0005,2025-07-25 08:40:00,2025-07-25 08:50:00,24,0
NEAT_0011,CUS0011,ITE0016,1,2,SCE002,6,PR0006,2025-07-25 08:50:00,2025-07-25 09:00:00,6,PR0006,2025-07-25 08:50:00,2025-07-25 09:00:00,24,0
NEAT_0011,CUS0011,ITE0016,1,2,SCE002,7,PR0007,2025-07-25 09:00:00,2025-07-25 09:10:00,7,PR0007,2025-07-25 09:00:00,2025-07-25 09:10:00,24,0
NEAT_0011,CUS0011,ITE0016,1,2,SCE002,8,PR0013,2025-07-25 09:10:00,2025-07-25 09:20:00,8,PR0013,2025-07-25 09:10:00,2025-07-25 09:20:00,24,0
NEAT_0011,CUS0011,ITE0016,1,2,SCE002,9,PR0008,2025-07-25 09:20:00,2025-07-25 09:30:00,9,PR0008,2025-07-25 09:20:00,2025-07-25 09:30:00,24,0
NEAT_0011,CUS0011,ITE0016,1,2,SCE002,10,PR0009,2025-07-25 09:30:00,2025-07-25 09:40:00,10,PR0009,2025-07-25 09:30:00,2025-07-25 09:40:00,24,0
NEAT_0011,CUS0011,ITE0016,1,2,SCE002,11,PR0010,2025-07-25 09:40:00,2025-07-25 09:50:00,11,PR0010,2025-07-25 09:40:00,2025-07-25 09:50:00,24,0
NEAT_0011,CUS0011,ITE0016,1,2,SCE002,12,PR0011,2025-07-25 09:50:00,2025-07-25 10:00:00,12,PR0011,2025-07-25 09:50:00,2025-07-25 10:00:00,24,0
NEAT_0011,CUS0011,ITE0016,1,2,SCE002,13,PR0012,2025-07-25 10:00:00,2025-07-25 10:10:00,13,PR0012,2025-07-25 10:00:00,2025-07-25 10:10:00,24,0
NEAT_0012,CUS0013,ITE0028,1,1,SCE001,1,PR0001,2025-07-26 08:00:00,2025-07-26 08:10:00,1,PR0001,2025-07-26 08:00:00,2025-07-26 08:10:00,24,0
NEAT_0012,CUS0013,ITE0028,1,1,SCE001,2,PR0002,2025-07-26 08:10:00,2025-07-26 08:20:00,2,PR0002,2025-07-26 08:10:00,2025-07-26 08:20:00,24,0
NEAT_0012,CUS0013,ITE0028,1,1,SCE001,3,PR0003,2025-07-26 08:20:00,2025-07-26 08:30:00,3,PR0003,2025-07-26 08:20:00,2025-07-26 08:30:00,24,0
NEAT_0012,CUS0013,ITE0028,1,1,SCE001,4,PR0004,2025-07-26 08:30:00,2025-07-26 08:40:00,4,PR0004,2025-07-26 08:30:00,2025-07-26 08:40:00,24,0
NEAT_0012,CUS0013,ITE0028,1,1,SCE001,5,PR0005,2025-07-26 08:40:00,2025-07-26 08:50:00,5,PR0005,2025-07-26 08:40:00,2025-07-26 08:50:00,24,0
NEAT_0012,CUS0013,ITE0028,1,1,SCE001,6,PR0006,2025-07-26 08:50:00,2025-07-26 09:00:00,6,PR0006,2025-07-26 08:50:00,2025-07-26 09:00:00,24,0
NEAT_0012,CUS0013,ITE0028,1,1,SCE001,7,PR0007,2025-07-26 09:00:00,2025-07-26 09:10:00,7,PR0007,2025-07-26 09:00:00,2025-07-26 09:10:00,24,0
NEAT_0012,CUS0013,ITE0028,1,1,SCE001,8,PR0008,2025-07-26 09:10:00,2025-07-26 09:20:00,8,PR0008,2025-07-26 09:10:00,2025-07-26 09:20:00,24,0
NEAT_0012,CUS0013,ITE0028,1,1,SCE001,9,PR0009,2025-07-26 09:20:00,2025-07-26 09:30:00,9,PR0009,2025-07-26 09:20:00,2025-07-26 09:30:00,24,0
NEAT_0012,CUS0013,ITE0028,1,1,SCE001,10,PR0010,2025-07-26 09:30:00,2025-07-26 09:40:00,10,PR0010,2025-07-26 09:30:00,2025-07-26 09:40:00,24,0
NEAT_0012,CUS0013,ITE0028,1,1,SCE001,11,PR0011,2025-07-26 09:40:00,2025-07-26 09:50:00,11,PR0011,2025-07-26 09:40:00,2025-07-26 09:50:00,24,0
NEAT_0012,CUS0013,ITE0028,1,1,SCE001,12,PR0012,2025-07-26 09:50:00,2025-07-26 10:00:00,12,PR0012,2025-07-26 09:50:00,2025-07-26 10:00:00,24,0
NEAT_0013,CUS0016,ITE0009,1,2,SCE002,1,PR0001,2025-07-27 08:00:00,2025-07-27 08:10:00,1,PR0001,2025-07-27 08:00:00,2025-07-27 08:10:00,24,0
NEAT_0013,CUS0016,ITE0009,1,2,SCE002,2,PR0002,2025-07-27 08:10:00,2025-07-27 08:20:00,2,PR0002,2025-07-27 08:10:00,2025-07-27 08:20:00,24,0
NEAT_0013,CUS0016,ITE0009,1,2,SCE002,3,PR0003,2025-07-27 08:20:00,2025-07-27 08:30:00,3,PR0003,2025-07-27 08:20:00,2025-07-27 08:30:00,24,0
NEAT_0013,CUS0016,ITE0009,1,2,SCE002,4,PR0004,2025-07-27 08:30:00,2025-07-27 08:40:00,4,PR0004,2025-07-27 08:30:00,2025-07-27 08:40:00,24,0
NEAT_0013,CUS0016,ITE0009,1,2,SCE002,5,PR0005,2025-07-27 08:40:00,2025-07-27 08:50:00,5,PR0005,2025-07-27 08:40:00,2025-07-27 08:50:00,24,0
NEAT_0013,CUS0016,ITE0009,1,2,SCE002,6,PR0006,2025-07-27 08:50:00,2025-07-27 09:00:00,6,PR0006,2025-07-27 08:50:00,2025-07-27 09:00:00,24,0
NEAT_0013,CUS0016,ITE0009,1,2,SCE002,7,PR0007,2025-07-27 09:00:00,2025-07-27 09:10:00,7,PR0007,2025-07-27 09:00:00,2025-07-27 09:10:00,24,0
NEAT_0013,CUS0016,ITE0009,1,2,SCE002,8,PR0013,2025-07-27 09:10:00,2025-07-27 09:20:00,8,PR0013,2025-07-27 09:10:00,2025-07-27 09:20:00,24,0
NEAT_0013,CUS0016,ITE0009,1,2,SCE002,9,PR0008,2025-07-27 09:20:00,2025-07-27 09:30:00,9,PR0008,2025-07-27 09:20:00,2025-07-27 09:30:00,24,0
NEAT_0013,CUS0016,ITE0009,1,2,SCE002,10,PR0009,2025-07-27 09:30:00,2025-07-27 09:40:00,10,PR0009,2025-07-27 09:30:00,2025-07-27 09:40:00,24,0
NEAT_0013,CUS0016,ITE0009,1,2,SCE002,11,PR0010,2025-07-27 09:40:00,2025-07-27 09:50:00,11,PR0010,2025-07-27 09:40:00,2025-07-27 09:50:00,24,0
NEAT_0013,CUS0016,ITE0009,1,2,SCE002,12,PR0011,2025-07-27 09:50:00,2025-07-27 10:00:00,12,PR0011,2025-07-27 09:50:00,2025-07-27 10:00:00,24,0
NEAT_0013,CUS0016,ITE0009,1,2,SCE002,13,PR0012,2025-07-27 10:00:00,2025-07-27 10:10:00,13,PR0012,2025-07-27 10:00:00,2025-07-27 10:10:00,24,0
NEAT_0014,CUS0013,ITE0044,1,2,SCE002,1,PR0001,2025-07-28 08:00:00,2025-07-28 08:10:00,1,PR0001,2025-07-28 08:00:00,2025-07-28 08:10:00,24,0
NEAT_0014,CUS0013,ITE0044,1,2,SCE002,2,PR0002,2025-07-28 08:10:00,2025-07-28 08:20:00,2,PR0002,2025-07-28 08:10:00,2025-07-28 08:20:00,24,0
NEAT_0014,CUS0013,ITE0044,1,2,SCE002,3,PR0003,2025-07-28 08:20:00,2025-07-28 08:30:00,3,PR0003,2025-07-28 08:20:00,2025-07-28 08:30:00,24,0
NEAT_0014,CUS0013,ITE0044,1,2,SCE002,4,PR0004,2025-07-28 08:30:00,2025-07-28 08:40:00,4,PR0004,2025-07-28 08:30:00,2025-07-28 08:40:00,24,0
NEAT_0014,CUS0013,ITE0044,1,2,SCE002,5,PR0005,2025-07-28 08:40:00,2025-07-28 08:50:00,5,PR0005,2025-07-28 08:40:00,2025-07-28 08:50:00,24,0
NEAT_0014,CUS0013,ITE0044,1,2,SCE002,6,PR0006,2025-07-28 08:50:00,2025-07-28 09:00:00,6,PR0006,2025-07-28 08:50:00,2025-07-28 09:00:00,24,0
NEAT_0014,CUS0013,ITE0044,1,2,SCE002,7,PR0007,2025-07-28 09:00:00,2025-07-28 09:10:00,7,PR0007,2025-07-28 09:00:00,2025-07-28 09:10:00,24,0
NEAT_0014,CUS0013,ITE0044,1,2,SCE002,8,PR0013,2025-07-28 09:10:00,2025-07-28 09:20:00,8,PR0013,2025-07-28 09:10:00,2025-07-28 09:20:00,24,0
NEAT_0014,CUS0013,ITE0044,1,2,SCE002,9,PR0008,2025-07-28 09:20:00,2025-07-28 09:30:00,9,PR0008,2025-07-28 09:20:00,2025-07-28 09:30:00,24,0
NEAT_0014,CUS0013,ITE0044,1,2,SCE002,10,PR0009,2025-07-28 09:30:00,2025-07-28 09:40:00,10,PR0009,2025-07-28 09:30:00,2025-07-28 09:40:00,24,0
NEAT_0014,CUS0013,ITE0044,1,2,SCE002,11,PR0010,2025-07-28 09:40:00,2025-07-28 09:50:00,11,PR0010,2025-07-28 09:40:00,2025-07-28 09:50:00,24,0
NEAT_0014,CUS0013,ITE0044,1,2,SCE002,12,PR0011,2025-07-28 09:50:00,2025-07-28 10:00:00,12,PR0011,2025-07-28 09:50:00,2025-07-28 10:00:00,24,0
NEAT_0014,CUS0013,ITE0044,1,2,SCE002,13,PR0012,2025-07-28 10:00:00,2025-07-28 10:10:00,13,PR0012,2025-07-28 10:00:00,2025-07-28 10:10:00,24,0
NEAT_0015,CUS0007,ITE0007,2,1,SCE003,1,PR0001,2025-07-29 08:00:00,2025-07-29 08:10:00,1,PR0001,2025-07-29 08:00:00,2025-07-29 08:10:00,24,0
NEAT_0015,CUS0007,ITE0007,2,1,SCE003,2,PR0002,2025-07-29 08:10:00,2025-07-29 08:20:00,2,PR0002,2025-07-29 08:10:00,2025-07-29 08:20:00,24,0
NEAT_0015,CUS0007,ITE0007,2,1,SCE003,3,PR0003,2025-07-29 08:20:00,2025-07-29 08:30:00,3,PR0003,2025-07-29 08:20:00,2025-07-29 08:30:00,24,0
NEAT_0015,CUS0007,ITE0007,2,1,SCE003,4,PR0004,2025-07-29 08:30:00,2025-07-29 08:40:00,4,PR0004,2025-07-29 08:30:00,2025-07-29 08:40:00,24,0
NEAT_0015,CUS0007,ITE0007,2,1,SCE003,5,PR0005,2025-07-29 08:40:00,2025-07-29 08:50:00,5,PR0005,2025-07-29 08:40:00,2025-07-29 08:50:00,24,0
NEAT_0015,CUS0007,ITE0007,2,1,SCE003,6,PR0014,2025-07-29 08:50:00,2025-07-29 09:00:00,6,PR0014,2025-07-29 08:50:00,2025-07-29 09:00:00,24,0
NEAT_0015,CUS0007,ITE0007,2,1,SCE003,7,PR0006,2025-07-29 09:00:00,2025-07-29 09:10:00,7,PR0006,2025-07-29 09:00:00,2025-07-29 09:10:00,24,0
NEAT_0015,CUS0007,ITE0007,2,1,SCE003,8,PR0007,2025-07-29 09:10:00,2025-07-29 09:20:00,8,PR0007,2025-07-29 09:10:00,2025-07-29 09:20:00,24,0
NEAT_0015,CUS0007,ITE0007,2,1,SCE003,9,PR0008,2025-07-29 09:20:00,2025-07-29 09:30:00,9,PR0008,2025-07-29 09:20:00,2025-07-29 09:30:00,24,0
NEAT_0015,CUS0007,ITE0007,2,1,SCE003,10,PR0009,2025-07-29 09:30:00,2025-07-29 09:40:00,10,PR0009,2025-07-29 09:30:00,2025-07-29 09:40:00,24,0
NEAT_0015,CUS0007,ITE0007,2,1,SCE003,11,PR0010,2025-07-29 09:40:00,2025-07-29 09:50:00,11,PR0010,2025-07-29 09:40:00,2025-07-29 09:50:00,24,0
NEAT_0015,CUS0007,ITE0007,2,1,SCE003,12,PR0011,2025-07-29 09:50:00,2025-07-29 10:00:00,12,PR0011,2025-07-29 09:50:00,2025-07-29 10:00:00,24,0
NEAT_0015,CUS0007,ITE0007,2,1,SCE003,13,PR0012,2025-07-29 10:00:00,2025-07-29 10:10:00,13,PR0012,2025-07-29 10:00:00,2025-07-29 10:10:00,24,0
NEAT_0016,CUS0007,ITE0014,2,1,SCE003,1,PR0001,2025-07-30 08:00:00,2025-07-30 08:10:00,1,PR0001,2025-07-30 08:00:00,2025-07-30 08:10:00,24,0
NEAT_0016,CUS0007,ITE0014,2,1,SCE003,2,PR0002,2025-07-30 08:10:00,2025-07-30 08:20:00,2,PR0002,2025-07-30 08:10:00,2025-07-30 08:20:00,24,0
NEAT_0016,CUS0007,ITE0014,2,1,SCE003,3,PR0003,2025-07-30 08:20:00,2025-07-30 08:30:00,3,PR0003,2025-07-30 08:20:00,2025-07-30 08:30:00,24,0
NEAT_0016,CUS0007,ITE0014,2,1,SCE003,4,PR0004,2025-07-30 08:30:00,2025-07-30 08:40:00,4,PR0004,2025-07-30 08:30:00,2025-07-30 08:40:00,24,0
NEAT_0016,CUS0007,ITE0014,2,1,SCE003,5,PR0005,2025-07-30 08:40:00,2025-07-30 08:50:00,5,PR0005,2025-07-30 08:40:00,2025-07-30 08:50:00,24,0
NEAT_0016,CUS0007,ITE0014,2,1,SCE003,6,PR0014,2025-07-30 08:50:00,2025-07-30 09:00:00,6,PR0014,2025-07-30 08:50:00,2025-07-30 09:00:00,24,0
NEAT_0016,CUS0007,ITE0014,2,1,SCE003,7,PR0006,2025-07-30 09:00:00,2025-07-30 09:10:00,7,PR0006,2025-07-30 09:00:00,2025-07-30 09:10:00,24,0
NEAT_0016,CUS0007,ITE0014,2,1,SCE003,8,PR0007,2025-07-30 09:10:00,2025-07-30 09:20:00,8,PR0007,2025-07-30 09:10:00,2025-07-30 09:20:00,24,0
NEAT_0016,CUS0007,ITE0014,2,1,SCE003,9,PR0008,2025-07-30 09:20:00,2025-07-30 09:30:00,9,PR0008,2025-07-30 09:20:00,2025-07-30 09:30:00,24,0
NEAT_0016,CUS0007,ITE0014,2,1,SCE003,10,PR0009,2025-07-30 09:30:00,2025-07-30 09:40:00,10,PR0009,2025-07-30 09:30:00,2025-07-30 09:40:00,24,0
NEAT_0016,CUS0007,ITE0014,2,1,SCE003,11,PR0010,2025-07-30 09:40:00,2025-07-30 09:50:00,11,PR0010,2025-07-30 09:40:00,2025-07-30 09:50:00,24,0
NEAT_0016,CUS0007,ITE0014,2,1,SCE003,12,PR0011,2025-07-30 09:50:00,2025-07-30 10:00:00,12,PR0011,2025-07-30 09:50:00,2025-07-30 10:00:00,24,0
NEAT_0016,CUS0007,ITE0014,2,1,SCE003,13,PR0012,2025-07-30 10:00:00,2025-07-30 10:10:00,13,PR0012,2025-07-30 10:00:00,2025-07-30 10:10:00,24,0
NEAT_0017,CUS0001,ITE0033,2,1,SCE003,1,PR0001,2025-07-31 08:00:00,2025-07-31 08:10:00,1,PR0001,2025-07-31 08:00:00,2025-07-31 08:10:00,24,0
NEAT_0017,CUS0001,ITE0033,2,1,SCE003,2,PR0002,2025-07-31 08:10:00,2025-07-31 08:20:00,2,PR0002,2025-07-31 08:10:00,2025-07-31 08:20:00,24,0
NEAT_0017,CUS0001,ITE0033,2,1,SCE003,3,PR0003,2025-07-31 08:20:00,2025-07-31 08:30:00,3,PR0003,2025-07-31 08:20:00,2025-07-31 08:30:00,24,0
NEAT_0017,CUS0001,ITE0033,2,1,SCE003,4,PR0004,2025-07-31 08:30:00,2025-07-31 08:40:00,4,PR0004,2025-07-31 08:30:00,2025-07-31 08:40:00,24,0
NEAT_0017,CUS0001,ITE0033,2,1,SCE003,5,PR0005,2025-07-31 08:40:00,2025-07-31 08:50:00,5,PR0005,2025-07-31 08:40:00,2025-07-31 08:50:00,24,0
NEAT_0017,CUS0001,ITE0033,2,1,SCE003,6,PR0014,2025-07-31 08:50:00,2025-07-31 09:00:00,6,PR0014,2025-07-31 08:50:00,2025-07-31 09:00:00,24,0
NEAT_0017,CUS0001,ITE0033,2,1,SCE003,7,PR0006,2025-07-31 09:00:00,2025-07-31 09:10:00,7,PR0006,2025-07-31 09:00:00,2025-07-31 09:10:00,24,0
NEAT_0017,CUS0001,ITE0033,2,1,SCE003,8,PR0007,2025-07-31 09:10:00,2025-07-31 09:20:00,8,PR0007,2025-07-31 09:10:00,2025-07-31 09:20:00,24,0
NEAT_0017,CUS0001,ITE0033,2,1,SCE003,9,PR0008,2025-07-31 09:20:00,2025-07-31 09:30:00,9,PR0008,2025-07-31 09:20:00,2025-07-31 09:30:00,24,0
NEAT_0017,CUS0001,ITE0033,2,1,SCE003,10,PR0009,2025-07-31 09:30:00,2025-07-31 09:40:00,10,PR0009,2025-07-31 09:30:00,2025-07-31 09:40:00,24,0
NEAT_0017,CUS0001,ITE0033,2,1,SCE003,11,PR0010,2025-07-31 09:40:00,2025-07-31 09:50:00,11,PR0010,2025-07-31 09:40:00,2025-07-31 09:50:00,24,0
NEAT_0017,CUS0001,ITE0033,2,1,SCE003,12,PR0011,2025-07-31 09:50:00,2025-07-31 10:00:00,12,PR0011,2025-07-31 09:50:00,2025-07-31 10:00:00,24,0
NEAT_0017,CUS0001,ITE0033,2,1,SCE003,13,PR0012,2025-07-31 10:00:00,2025-07-31 10:10:00,13,PR0012,2025-07-31 10:00:00,2025-07-31 10:10:00,24,0
NEAT_0018,CUS0013,ITE0034,2,2,SCE004,1,PR0001,2025-08-01 08:00:00,2025-08-01 08:10:00,1,PR0001,2025-08-01 08:00:00,2025-08-01 08:10:00,24,0
NEAT_0018,CUS0013,ITE0034,2,2,SCE004,2,PR0002,2025-08-01 08:10:00,2025-08-01 08:20:00,2,PR0002,2025-08-01 08:10:00,2025-08-01 08:20:00,24,0
NEAT_0018,CUS0013,ITE0034,2,2,SCE004,3,PR0003,2025-08-01 08:20:00,2025-08-01 08:30:00,3,PR0003,2025-08-01 08:20:00,2025-08-01 08:30:00,24,0
NEAT_0018,CUS0013,ITE0034,2,2,SCE004,4,PR0004,2025-08-01 08:30:00,2025-08-01 08:40:00,4,PR0004,2025-08-01 08:30:00,2025-08-01 08:40:00,24,0
NEAT_0018,CUS0013,ITE0034,2,2,SCE004,5,PR0005,2025-08-01 08:40:00,2025-08-01 08:50:00,5,PR0005,2025-08-01 08:40:00,2025-08-01 08:50:00,24,0
NEAT_0018,CUS0013,ITE0034,2,2,SCE004,6,PR0014,2025-08-01 08:50:00,2025-08-01 09:00:00,6,PR0014,2025-08-01 08:50:00,2025-08-01 09:00:00,24,0
NEAT_0018,CUS0013,ITE0034,2,2,SCE004,7,PR0006,2025-08-01 09:00:00,2025-08-01 09:10:00,7,PR0006,2025-08-01 09:00:00,2025-08-01 09:10:00,24,0
NEAT_0018,CUS0013,ITE0034,2,2,SCE004,8,PR0007,2025-08-01 09:10:00,2025-08-01 09:20:00,8,PR0007,2025-08-01 09:10:00,2025-08-01 09:20:00,24,0
NEAT_0018,CUS0013,ITE0034,2,2,SCE004,9,PR0008,2025-08-01 09:20:00,2025-08-01 09:30:00,9,PR0008,2025-08-01 09:20:00,2025-08-01 09:30:00,24,0
NEAT_0018,CUS0013,ITE0034,2,2,SCE004,10,PR0013,2025-08-01 09:30:00,2025-08-01 09:40:00,10,PR0013,2025-08-01 09:30:00,2025-08-01 09:40:00,24,0
NEAT_0018,CUS0013,ITE0034,2,2,SCE004,11,PR0009,2025-08-01 09:40:00,2025-08-01 09:50:00,11,PR0009,2025-08-01 09:40:00,2025-08-01 09:50:00,24,0
NEAT_0018,CUS0013,ITE0034,2,2,SCE004,12,PR0010,2025-08-01 09:50:00,2025-08-01 10:00:00,12,PR0010,2025-08-01 09:50:00,2025-08-01 10:00:00,24,0
NEAT_0018,CUS0013,ITE0034,2,2,SCE004,13,PR0011,2025-08-01 10:00:00,2025-08-01 10:10:00,13,PR0011,2025-08-01 10:00:00,2025-08-01 10:10:00,24,0
NEAT_0018,CUS0013,ITE0034,2,2,SCE004,14,PR0012,2025-08-01 10:10:00,2025-08-01 10:20:00,14,PR0012,2025-08-01 10:10:00,2025-08-01 10:20:00,24,0
NEAT_0019,CUS0006,ITE0021,1,2,SCE002,1,PR0001,2025-08-02 08:00:00,2025-08-02 08:10:00,1,PR0001,2025-08-02 08:00:00,2025-08-02 08:10:00,24,0
NEAT_0019,CUS0006,ITE0021,1,2,SCE002,2,PR0002,2025-08-02 08:10:00,2025-08-02 08:20:00,2,PR0002,2025-08-02 08:10:00,2025-08-02 08:20:00,24,0
NEAT_0019,CUS0006,ITE0021,1,2,SCE002,3,PR0003,2025-08-02 08:20:00,2025-08-02 08:30:00,3,PR0003,2025-08-02 08:20:00,2025-08-02 08:30:00,24,0
NEAT_0019,CUS0006,ITE0021,1,2,SCE002,4,PR0004,2025-08-02 08:30:00,2025-08-02 08:40:00,4,PR0004,2025-08-02 08:30:00,2025-08-02 08:40:00,24,0
NEAT_0019,CUS0006,ITE0021,1,2,SCE002,5,PR0005,2025-08-02 08:40:00,2025-08-02 08:50:00,5,PR0005,2025-08-02 08:40:00,2025-08-02 08:50:00,24,0
NEAT_0019,CUS0006,ITE0021,1,2,SCE002,6,PR0006,2025-08-02 08:50:00,2025-08-02 09:00:00,6,PR0006,2025-08-02 08:50:00,2025-08-02 09:00:00,24,0
NEAT_0019,CUS0006,ITE0021,1,2,SCE002,7,PR0007,2025-08-02 09:00:00,2025-08-02 09:10:00,7,PR0007,2025-08-02 09:00:00,2025-08-02 09:10:00,24,0
NEAT_0019,CUS0006,ITE0021,1,2,SCE002,8,PR0013,2025-08-02 09:10:00,2025-08-02 09:20:00,8,PR0013,2025-08-02 09:10:00,2025-08-02 09:20:00,24,0
NEAT_0019,CUS0006,ITE0021,1,2,SCE002,9,PR0008,2025-08-02 09:20:00,2025-08-02 09:30:00,9,PR0008,2025-08-02 09:20:00,2025-08-02 09:30:00,24,0
NEAT_0019,CUS0006,ITE0021,1,2,SCE002,10,PR0009,2025-08-02 09:30:00,2025-08-02 09:40:00,10,PR0009,2025-08-02 09:30:00,2025-08-02 09:40:00,24,0
NEAT_0019,CUS0006,ITE0021,1,2,SCE002,11,PR0010,2025-08-02 09:40:00,2025-08-02 09:50:00,11,PR0010,2025-08-02 09:40:00,2025-08-02 09:50:00,24,0
NEAT_0019,CUS0006,ITE0021,1,2,SCE002,12,PR0011,2025-08-02 09:50:00,2025-08-02 10:00:00,12,PR0011,2025-08-02 09:50:00,2025-08-02 10:00:00,24,0
NEAT_0019,CUS0006,ITE0021,1,2,SCE002,13,PR0012,2025-08-02 10:00:00,2025-08-02 10:10:00,13,PR0012,2025-08-02 10:00:00,2025-08-02 10:10:00,24,0
NEAT_0020,CUS0005,ITE0022,2,1,SCE003,1,PR0001,2025-08-03 08:00:00,2025-08-03 08:10:00,1,PR0001,2025-08-03 08:00:00,2025-08-03 08:10:00,24,0
NEAT_0020,CUS0005,ITE0022,2,1,SCE003,2,PR0002,2025-08-03 08:10:00,2025-08-03 08:20:00,2,PR0002,2025-08-03 08:10:00,2025-08-03 08:20:00,24,0
NEAT_0020,CUS0005,ITE0022,2,1,SCE003,3,PR0003,2025-08-03 08:20:00,2025-08-03 08:30:00,3,PR0003,2025-08-03 08:20:00,2025-08-03 08:30:00,24,0
NEAT_0020,CUS0005,ITE0022,2,1,SCE003,4,PR0004,2025-08-03 08:30:00,2025-08-03 08:40:00,4,PR0004,2025-08-03 08:30:00,2025-08-03 08:40:00,24,0
NEAT_0020,CUS0005,ITE0022,2,1,SCE003,5,PR0005,2025-08-03 08:40:00,2025-08-03 08:50:00,5,PR0005,2025-08-03 08:40:00,2025-08-03 08:50:00,24,0
NEAT_0020,CUS0005,ITE0022,2,1,SCE003,6,PR0014,2025-08-03 08:50:00,2025-08-03 09:00:00,6,PR0014,2025-08-03 08:50:00,2025-08-03 09:00:00,24,0
NEAT_0020,CUS0005,ITE0022,2,1,SCE003,7,PR0006,2025-08-03 09:00:00,2025-08-03 09:10:00,7,PR0006,2025-08-03 09:00:00,2025-08-03 09:10:00,24,0
NEAT_0020,CUS0005,ITE0022,2,1,SCE003,8,PR0007,2025-08-03 09:10:00,2025-08-03 09:20:00,8,PR0007,2025-08-03 09:10:00,2025-08-03 09:20:00,24,0
NEAT_0020,CUS0005,ITE0022,2,1,SCE003,9,PR0008,2025-08-03 09:20:00,2025-08-03 09:30:00,9,PR0008,2025-08-03 09:20:00,2025-08-03 09:30:00,24,0
NEAT_0020,CUS0005,ITE0022,2,1,SCE003,10,PR0009,2025-08-03 09:30:00,2025-08-03 09:40:00,10,PR0009,2025-08-03 09:30:00,2025-08-03 09:40:00,24,0
NEAT_0020,CUS0005,ITE0022,2,1,SCE003,11,PR0010,2025-08-03 09:40:00,2025-08-03 09:50:00,11,PR0010,2025-08-03 09:40:00,2025-08-03 09:50:00,24,0
NEAT_0020,CUS0005,ITE0022,2,1,SCE003,12,PR0011,2025-08-03 09:50:00,2025-08-03 10:00:00,12,PR0011,2025-08-03 09:50:00,2025-08-03 10:00:00,24,0
NEAT_0020,CUS0005,ITE0022,2,1,SCE003,13,PR0012,2025-08-03 10:00:00,2025-08-03 10:10:00,13,PR0012,2025-08-03 10:00:00,2025-08-03 10:10:00,24,0
NEAT_0021,CUS0017,ITE0003,2,1,SCE003,1,PR0001,2025-08-04 08:00:00,2025-08-04 08:10:00,1,PR0001,2025-08-04 08:00:00,2025-08-04 08:10:00,24,0
NEAT_0021,CUS0017,ITE0003,2,1,SCE003,2,PR0002,2025-08-04 08:10:00,2025-08-04 08:20:00,2,PR0002,2025-08-04 08:10:00,2025-08-04 08:20:00,24,0
NEAT_0021,CUS0017,ITE0003,2,1,SCE003,3,PR0003,2025-08-04 08:20:00,2025-08-04 08:30:00,3,PR0003,2025-08-04 08:20:00,2025-08-04 08:30:00,24,0
NEAT_0021,CUS0017,ITE0003,2,1,SCE003,4,PR0004,2025-08-04 08:30:00,2025-08-04 08:40:00,4,PR0004,2025-08-04 08:30:00,2025-08-04 08:40:00,24,0
NEAT_0021,CUS0017,ITE0003,2,1,SCE003,5,PR0005,2025-08-04 08:40:00,2025-08-04 08:50:00,5,PR0005,2025-08-04 08:40:00,2025-08-04 08:50:00,24,0
NEAT_0021,CUS0017,ITE0003,2,1,SCE003,6,PR0014,2025-08-04 08:50:00,2025-08-04 09:00:00,6,PR0014,2025-08-04 08:50:00,2025-08-04 09:00:00,24,0
NEAT_0021,CUS0017,ITE0003,2,1,SCE003,7,PR0006,2025-08-04 09:00:00,2025-08-04 09:10:00,7,PR0006,2025-08-04 09:00:00,2025-08-04 09:10:00,24,0
NEAT_0021,CUS0017,ITE0003,2,1,SCE003,8,PR0007,2025-08-04 09:10:00,2025-08-04 09:20:00,8,PR0007,2025-08-04 09:10:00,2025-08-04 09:20:00,24,0
NEAT_0021,CUS0017,ITE0003,2,1,SCE003,9,PR0008,2025-08-04 09:20:00,2025-08-04 09:30:00,9,PR0008,2025-08-04 09:20:00,2025-08-04 09:30:00,24,0
NEAT_0021,CUS0017,ITE0003,2,1,SCE003,10,PR0009,2025-08-04 09:30:00,2025-08-04 09:40:00,10,PR0009,2025-08-04 09:30:00,2025-08-04 09:40:00,24,0
NEAT_0021,CUS0017,ITE0003,2,1,SCE003,11,PR0010,2025-08-04 09:40:00,2025-08-04 09:50:00,11,PR0010,2025-08-04 09:40:00,2025-08-04 09:50:00,24,0
NEAT_0021,CUS0017,ITE0003,2,1,SCE003,12,PR0011,2025-08-04 09:50:00,2025-08-04 10:00:00,12,PR0011,2025-08-04 09:50:00,2025-08-04 10:00:00,24,0
NEAT_0021,CUS0017,ITE0003,2,1,SCE003,13,PR0012,2025-08-04 10:00:00,2025-08-04 10:10:00,13,PR0012,2025-08-04 10:00:00,2025-08-04 10:10:00,24,0
NEAT_0022,CUS0002,ITE0024,2,1,SCE003,1,PR0001,2025-08-05 08:00:00,2025-08-05 08:10:00,1,PR0001,2025-08-05 08:00:00,2025-08-05 08:10:00,24,0
NEAT_0022,CUS0002,ITE0024,2,1,SCE003,2,PR0002,2025-08-05 08:10:00,2025-08-05 08:20:00,2,PR0002,2025-08-05 08:10:00,2025-08-05 08:20:00,24,0
NEAT_0022,CUS0002,ITE0024,2,1,SCE003,3,PR0003,2025-08-05 08:20:00,2025-08-05 08:30:00,3,PR0003,2025-08-05 08:20:00,2025-08-05 08:30:00,24,0
NEAT_0022,CUS0002,ITE0024,2,1,SCE003,4,PR0004,2025-08-05 08:30:00,2025-08-05 08:40:00,4,PR0004,2025-08-05 08:30:00,2025-08-05 08:40:00,24,0
NEAT_0022,CUS0002,ITE0024,2,1,SCE003,5,PR0005,2025-08-05 08:40:00,2025-08-05 08:50:00,5,PR0005,2025-08-05 08:40:00,2025-08-05 08:50:00,24,0
NEAT_0022,CUS0002,ITE0024,2,1,SCE003,6,PR0014,2025-08-05 08:50:00,2025-08-05 09:00:00,6,PR0014,2025-08-05 08:50:00,2025-08-05 09:00:00,24,0
NEAT_0022,CUS0002,ITE0024,2,1,SCE003,7,PR0006,2025-08-05 09:00:00,2025-08-05 09:10:00,7,PR0006,2025-08-05 09:00:00,2025-08-05 09:10:00,24,0
NEAT_0022,CUS0002,ITE0024,2,1,SCE003,8,PR0007,2025-08-05 09:10:00,2025-08-05 09:20:00,8,PR0007,2025-08-05 09:10:00,2025-08-05 09:20:00,24,0
NEAT_0022,CUS0002,ITE0024,2,1,SCE003,9,PR0008,2025-08-05 09:20:00,2025-08-05 09:30:00,9,PR0008,2025-08-05 09:20:00,2025-08-05 09:30:00,24,0
NEAT_0022,CUS0002,ITE0024,2,1,SCE003,10,PR0009,2025-08-05 09:30:00,2025-08-05 09:40:00,10,PR0009,2025-08-05 09:30:00,2025-08-05 09:40:00,24,0
NEAT_0022,CUS0002,ITE0024,2,1,SCE003,11,PR0010,2025-08-05 09:40:00,2025-08-05 09:50:00,11,PR0010,2025-08-05 09:40:00,2025-08-05 09:50:00,24,0
NEAT_0022,CUS0002,ITE0024,2,1,SCE003,12,PR0011,2025-08-05 09:50:00,2025-08-05 10:00:00,12,PR0011,2025-08-05 09:50:00,2025-08-05 10:00:00,24,0
NEAT_0022,CUS0002,ITE0024,2,1,SCE003,13,PR0012,2025-08-05 10:00:00,2025-08-05 10:10:00,13,PR0012,2025-08-05 10:00:00,2025-08-05 10:10:00,24,0
NEAT_0023,CUS0008,ITE0044,2,2,SCE005,1,PR0001,2025-08-06 08:00:00,2025-08-06 08:10:00,1,PR0001,2025-08-06 08:00:00,2025-08-06 08:10:00,24,0
NEAT_0023,CUS0008,ITE0044,2,2,SCE005,2,PR0003,2025-08-06 08:10:00,2025-08-06 08:20:00,2,PR0003,2025-08-06 08:10:00,2025-08-06 08:20:00,24,0
NEAT_0023,CUS0008,ITE0044,2,2,SCE005,3,PR0004,2025-08-06 08:20:00,2025-08-06 08:30:00,3,PR0004,2025-08-06 08:20:00,2025-08-06 08:30:00,24,0
NEAT_0023,CUS0008,ITE0044,2,2,SCE005,4,PR0014,2025-08-06 08:30:00,2025-08-06 08:40:00,4,PR0014,2025-08-06 08:30:00,2025-08-06 08:40:00,24,0
NEAT_0023,CUS0008,ITE0044,2,2,SCE005,5,PR0012,2025-08-06 08:40:00,2025-08-06 08:50:00,5,PR0012,2025-08-06 08:40:00,2025-08-06 08:50:00,24,0
NEAT_0023,CUS0008,ITE0044,2,2,SCE005,6,PR0006,2025-08-06 08:50:00,2025-08-06 09:00:00,6,PR0006,2025-08-06 08:50:00,2025-08-06 09:00:00,24,0
NEAT_0024,CUS0012,ITE0012,1,2,SCE002,1,PR0001,2025-08-07 08:00:00,2025-08-07 08:10:00,1,PR0001,2025-08-07 08:00:00,2025-08-07 08:10:00,24,0
NEAT_0024,CUS0012,ITE0012,1,2,SCE002,2,PR0002,2025-08-07 08:10:00,2025-08-07 08:20:00,2,PR0002,2025-08-07 08:10:00,2025-08-07 08:20:00,24,0
NEAT_0024,CUS0012,ITE0012,1,2,SCE002,3,PR0003,2025-08-07 08:20:00,2025-08-07 08:30:00,3,PR0003,2025-08-07 08:20:00,2025-08-07 08:30:00,24,0
NEAT_0024,CUS0012,ITE0012,1,2,SCE002,4,PR0004,2025-08-07 08:30:00,2025-08-07 08:40:00,4,PR0004,2025-08-07 08:30:00,2025-08-07 08:40:00,24,0
NEAT_0024,CUS0012,ITE0012,1,2,SCE002,5,PR0005,2025-08-07 08:40:00,2025-08-07 08:50:00,5,PR0005,2025-08-07 08:40:00,2025-08-07 08:50:00,24,0
NEAT_0024,CUS0012,ITE0012,1,2,SCE002,6,PR0006,2025-08-07 08:50:00,2025-08-07 09:00:00,6,PR0006,2025-08-07 08:50:00,2025-08-07 09:00:00,24,0
NEAT_0024,CUS0012,ITE0012,1,2,SCE002,7,PR0007,2025-08-07 09:00:00,2025-08-07 09:10:00,7,PR0007,2025-08-07 09:00:00,2025-08-07 09:10:00,24,0
NEAT_0024,CUS0012,ITE0012,1,2,SCE002,8,PR0013,2025-08-07 09:10:00,2025-08-07 09:20:00,8,PR0013,2025-08-07 09:10:00,2025-08-07 09:20:00,24,0
NEAT_0024,CUS0012,ITE0012,1,2,SCE002,9,PR0008,2025-08-07 09:20:00,2025-08-07 09:30:00,9,PR0008,2025-08-07 09:20:00,2025-08-07 09:30:00,24,0
NEAT_0024,CUS0012,ITE0012,1,2,SCE002,10,PR0009,2025-08-07 09:30:00,2025-08-07 09:40:00,10,PR0009,2025-08-07 09:30:00,2025-08-07 09:40:00,24,0
NEAT_0024,CUS0012,ITE0012,1,2,SCE002,11,PR0010,2025-08-07 09:40:00,2025-08-07 09:50:00,11,PR0010,2025-08-07 09:40:00,2025-08-07 09:50:00,24,0
NEAT_0024,CUS0012,ITE0012,1,2,SCE002,12,PR0011,2025-08-07 09:50:00,2025-08-07 10:00:00,12,PR0011,2025-08-07 09:50:00,2025-08-07 10:00:00,24,0
NEAT_0024,CUS0012,ITE0012,1,2,SCE002,13,PR0012,2025-08-07 10:00:00,2025-08-07 10:10:00,13,PR0012,2025-08-07 10:00:00,2025-08-07 10:10:00,24,0
NEAT_0025,CUS0007,ITE0027,2,2,SCE004,1,PR0001,2025-08-08 08:00:00,2025-08-08 08:10:00,1,PR0001,2025-08-08 08:00:00,2025-08-08 08:10:00,24,0
NEAT_0025,CUS0007,ITE0027,2,2,SCE004,2,PR0002,2025-08-08 08:10:00,2025-08-08 08:20:00,2,PR0002,2025-08-08 08:10:00,2025-08-08 08:20:00,24,0
NEAT_0025,CUS0007,ITE0027,2,2,SCE004,3,PR0003,2025-08-08 08:20:00,2025-08-08 08:30:00,3,PR0003,2025-08-08 08:20:00,2025-08-08 08:30:00,24,0
NEAT_0025,CUS0007,ITE0027,2,2,SCE004,4,PR0004,2025-08-08 08:30:00,2025-08-08 08:40:00,4,PR0004,2025-08-08 08:30:00,2025-08-08 08:40:00,24,0
NEAT_0025,CUS0007,ITE0027,2,2,SCE004,5,PR0005,2025-08-08 08:40:00,2025-08-08 08:50:00,5,PR0005,2025-08-08 08:40:00,2025-08-08 08:50:00,24,0
NEAT_0025,CUS0007,ITE0027,2,2,SCE004,6,PR0014,2025-08-08 08:50:00,2025-08-08 09:00:00,6,PR0014,2025-08-08 08:50:00,2025-08-08 09:00:00,24,0
NEAT_0025,CUS0007,ITE0027,2,2,SCE004,7,PR0006,2025-08-08 09:00:00,2025-08-08 09:10:00,7,PR0006,2025-08-08 09:00:00,2025-08-08 09:10:00,24,0
NEAT_0025,CUS0007,ITE0027,2,2,SCE004,8,PR0007,2025-08-08 09:10:00,2025-08-08 09:20:00,8,PR0007,2025-08-08 09:10:00,2025-08-08 09:20:00,24,0
NEAT_0025,CUS0007,ITE0027,2,2,SCE004,9,PR0008,2025-08-08 09:20:00,2025-08-08 09:30:00,9,PR0008,2025-08-08 09:20:00,2025-08-08 09:30:00,24,0
NEAT_0025,CUS0007,ITE0027,2,2,SCE004,10,PR0013,2025-08-08 09:30:00,2025-08-08 09:40:00,10,PR0013,2025-08-08 09:30:00,2025-08-08 09:40:00,24,0
NEAT_0025,CUS0007,ITE0027,2,2,SCE004,11,PR0009,2025-08-08 09:40:00,2025-08-08 09:50:00,11,PR0009,2025-08-08 09:40:00,2025-08-08 09:50:00,24,0
NEAT_0025,CUS0007,ITE0027,2,2,SCE004,12,PR0010,2025-08-08 09:50:00,2025-08-08 10:00:00,12,PR0010,2025-08-08 09:50:00,2025-08-08 10:00:00,24,0
NEAT_0025,CUS0007,ITE0027,2,2,SCE004,13,PR0011,2025-08-08 10:00:00,2025-08-08 10:10:00,13,PR0011,2025-08-08 10:00:00,2025-08-08 10:10:00,24,0
NEAT_0025,CUS0007,ITE0027,2,2,SCE004,14,PR0012,2025-08-08 10:10:00,2025-08-08 10:20:00,14,PR0012,2025-08-08 10:10:00,2025-08-08 10:20:00,24,0
NEAT_0026,CUS0015,ITE0047,2,2,SCE004,1,PR0001,2025-08-09 08:00:00,2025-08-09 08:10:00,1,PR0001,2025-08-09 08:00:00,2025-08-09 08:10:00,24,0
NEAT_0026,CUS0015,ITE0047,2,2,SCE004,2,PR0002,2025-08-09 08:10:00,2025-08-09 08:20:00,2,PR0002,2025-08-09 08:10:00,2025-08-09 08:20:00,24,0
NEAT_0026,CUS0015,ITE0047,2,2,SCE004,3,PR0003,2025-08-09 08:20:00,2025-08-09 08:30:00,3,PR0003,2025-08-09 08:20:00,2025-08-09 08:30:00,24,0
NEAT_0026,CUS0015,ITE0047,2,2,SCE004,4,PR0004,2025-08-09 08:30:00,2025-08-09 08:40:00,4,PR0004,2025-08-09 08:30:00,2025-08-09 08:40:00,24,0
NEAT_0026,CUS0015,ITE0047,2,2,SCE004,5,PR0005,2025-08-09 08:40:00,2025-08-09 08:50:00,5,PR0005,2025-08-09 08:40:00,2025-08-09 08:50:00,24,0
NEAT_0026,CUS0015,ITE0047,2,2,SCE004,6,PR0014,2025-08-09 08:50:00,2025-08-09 09:00:00,6,PR0014,2025-08-09 08:50:00,2025-08-09 09:00:00,24,0
NEAT_0026,CUS0015,ITE0047,2,2,SCE004,7,PR0006,2025-08-09 09:00:00,2025-08-09 09:10:00,7,PR0006,2025-08-09 09:00:00,2025-08-09 09:10:00,24,0
NEAT_0026,CUS0015,ITE0047,2,2,SCE004,8,PR0007,2025-08-09 09:10:00,2025-08-09 09:20:00,8,PR0007,2025-08-09 09:10:00,2025-08-09 09:20:00,24,0
NEAT_0026,CUS0015,ITE0047,2,2,SCE004,9,PR0008,2025-08-09 09:20:00,2025-08-09 09:30:00,9,PR0008,2025-08-09 09:20:00,2025-08-09 09:30:00,24,0
NEAT_0026,CUS0015,ITE0047,2,2,SCE004,10,PR0013,2025-08-09 09:30:00,2025-08-09 09:40:00,10,PR0013,2025-08-09 09:30:00,2025-08-09 09:40:00,24,0
NEAT_0026,CUS0015,ITE0047,2,2,SCE004,11,PR0009,2025-08-09 09:40:00,2025-08-09 09:50:00,11,PR0009,2025-08-09 09:40:00,2025-08-09 09:50:00,24,0
NEAT_0026,CUS0015,ITE0047,2,2,SCE004,12,PR0010,2025-08-09 09:50:00,2025-08-09 10:00:00,12,PR0010,2025-08-09 09:50:00,2025-08-09 10:00:00,24,0
NEAT_0026,CUS0015,ITE0047,2,2,SCE004,13,PR0011,2025-08-09 10:00:00,2025-08-09 10:10:00,13,PR0011,2025-08-09 10:00:00,2025-08-09 10:10:00,24,0
NEAT_0026,CUS0015,ITE0047,2,2,SCE004,14,PR0012,2025-08-09 10:10:00,2025-08-09 10:20:00,14,PR0012,2025-08-09 10:10:00,2025-08-09 10:20:00,24,0
NEAT_0027,CUS0008,ITE0009,2,2,SCE005,1,PR0001,2025-08-10 08:00:00,2025-08-10 08:10:00,1,PR0001,2025-08-10 08:00:00,2025-08-10 08:10:00,24,0
NEAT_0027,CUS0008,ITE0009,2,2,SCE005,2,PR0003,2025-08-10 08:10:00,2025-08-10 08:20:00,2,PR0003,2025-08-10 08:10:00,2025-08-10 08:20:00,24,0
NEAT_0027,CUS0008,ITE0009,2,2,SCE005,3,PR0004,2025-08-10 08:20:00,2025-08-10 08:30:00,3,PR0004,2025-08-10 08:20:00,2025-08-10 08:30:00,24,0
NEAT_0027,CUS0008,ITE0009,2,2,SCE005,4,PR0014,2025-08-10 08:30:00,2025-08-10 08:40:00,4,PR0014,2025-08-10 08:30:00,2025-08-10 08:40:00,24,0
NEAT_0027,CUS0008,ITE0009,2,2,SCE005,5,PR0012,2025-08-10 08:40:00,2025-08-10 08:50:00,5,PR0012,2025-08-10 08:40:00,2025-08-10 08:50:00,24,0
NEAT_0027,CUS0008,ITE0009,2,2,SCE005,6,PR0006,2025-08-10 08:50:00,2025-08-10 09:00:00,6,PR0006,2025-08-10 08:50:00,2025-08-10 09:00:00,24,0
NEAT_0028,CUS0019,ITE0037,2,1,SCE003,1,PR0001,2025-08-11 08:00:00,2025-08-11 08:10:00,1,PR0001,2025-08-11 08:00:00,2025-08-11 08:10:00,24,0
NEAT_0028,CUS0019,ITE0037,2,1,SCE003,2,PR0002,2025-08-11 08:10:00,2025-08-11 08:20:00,2,PR0002,2025-08-11 08:10:00,2025-08-11 08:20:00,24,0
NEAT_0028,CUS0019,ITE0037,2,1,SCE003,3,PR0003,2025-08-11 08:20:00,2025-08-11 08:30:00,3,PR0003,2025-08-11 08:20:00,2025-08-11 08:30:00,24,0
NEAT_0028,CUS0019,ITE0037,2,1,SCE003,4,PR0004,2025-08-11 08:30:00,2025-08-11 08:40:00,4,PR0004,2025-08-11 08:30:00,2025-08-11 08:40:00,24,0
NEAT_0028,CUS0019,ITE0037,2,1,SCE003,5,PR0005,2025-08-11 08:40:00,2025-08-11 08:50:00,5,PR0005,2025-08-11 08:40:00,2025-08-11 08:50:00,24,0
NEAT_0028,CUS0019,ITE0037,2,1,SCE003,6,PR0014,2025-08-11 08:50:00,2025-08-11 09:00:00,6,PR0014,2025-08-11 08:50:00,2025-08-11 09:00:00,24,0
NEAT_0028,CUS0019,ITE0037,2,1,SCE003,7,PR0006,2025-08-11 09:00:00,2025-08-11 09:10:00,7,PR0006,2025-08-11 09:00:00,2025-08-11 09:10:00,24,0
NEAT_0028,CUS0019,ITE0037,2,1,SCE003,8,PR0007,2025-08-11 09:10:00,2025-08-11 09:20:00,8,PR0007,2025-08-11 09:10:00,2025-08-11 09:20:00,24,0
NEAT_0028,CUS0019,ITE0037,2,1,SCE003,9,PR0008,2025-08-11 09:20:00,2025-08-11 09:30:00,9,PR0008,2025-08-11 09:20:00,2025-08-11 09:30:00,24,0
NEAT_0028,CUS0019,ITE0037,2,1,SCE003,10,PR0009,2025-08-11 09:30:00,2025-08-11 09:40:00,10,PR0009,2025-08-11 09:30:00,2025-08-11 09:40:00,24,0
NEAT_0028,CUS0019,ITE0037,2,1,SCE003,11,PR0010,2025-08-11 09:40:00,2025-08-11 09:50:00,11,PR0010,2025-08-11 09:40:00,2025-08-11 09:50:00,24,0
NEAT_0028,CUS0019,ITE0037,2,1,SCE003,12,PR0011,2025-08-11 09:50:00,2025-08-11 10:00:00,12,PR0011,2025-08-11 09:50:00,2025-08-11 10:00:00,24,0
NEAT_0028,CUS0019,ITE0037,2,1,SCE003,13,PR0012,2025-08-11 10:00:00,2025-08-11 10:10:00,13,PR0012,2025-08-11 10:00:00,2025-08-11 10:10:00,24,0
NEAT_0029,CUS0019,ITE0028,2,2,SCE005,1,PR0001,2025-08-12 08:00:00,2025-08-12 08:10:00,1,PR0001,2025-08-12 08:00:00,2025-08-12 08:10:00,24,0
NEAT_0029,CUS0019,ITE0028,2,2,SCE005,2,PR0003,2025-08-12 08:10:00,2025-08-12 08:20:00,2,PR0003,2025-08-12 08:10:00,2025-08-12 08:20:00,24,0
NEAT_0029,CUS0019,ITE0028,2,2,SCE005,3,PR0004,2025-08-12 08:20:00,2025-08-12 08:30:00,3,PR0004,2025-08-12 08:20:00,2025-08-12 08:30:00,24,0
NEAT_0029,CUS0019,ITE0028,2,2,SCE005,4,PR0014,2025-08-12 08:30:00,2025-08-12 08:40:00,4,PR0014,2025-08-12 08:30:00,2025-08-12 08:40:00,24,0
NEAT_0029,CUS0019,ITE0028,2,2,SCE005,5,PR0012,2025-08-12 08:40:00,2025-08-12 08:50:00,5,PR0012,2025-08-12 08:40:00,2025-08-12 08:50:00,24,0
NEAT_0029,CUS0019,ITE0028,2,2,SCE005,6,PR0006,2025-08-12 08:50:00,2025-08-12 09:00:00,6,PR0006,2025-08-12 08:50:00,2025-08-12 09:00:00,24,0
NEAT_0030,CUS0014,ITE0019,1,1,SCE001,1,PR0001,2025-08-13 08:00:00,2025-08-13 08:10:00,1,PR0001,2025-08-13 08:00:00,2025-08-13 08:10:00,24,0
NEAT_0030,CUS0014,ITE0019,1,1,SCE001,2,PR0002,2025-08-13 08:10:00,2025-08-13 08:20:00,2,PR0002,2025-08-13 08:10:00,2025-08-13 08:20:00,24,0
NEAT_0030,CUS0014,ITE0019,1,1,SCE001,3,PR0003,2025-08-13 08:20:00,2025-08-13 08:30:00,3,PR0003,2025-08-13 08:20:00,2025-08-13 08:30:00,24,0
NEAT_0030,CUS0014,ITE0019,1,1,SCE001,4,PR0004,2025-08-13 08:30:00,2025-08-13 08:40:00,4,PR0004,2025-08-13 08:30:00,2025-08-13 08:40:00,24,0
NEAT_0030,CUS0014,ITE0019,1,1,SCE001,5,PR0005,2025-08-13 08:40:00,2025-08-13 08:50:00,5,PR0005,2025-08-13 08:40:00,2025-08-13 08:50:00,24,0
NEAT_0030,CUS0014,ITE0019,1,1,SCE001,6,PR0006,2025-08-13 08:50:00,2025-08-13 09:00:00,6,PR0006,2025-08-13 08:50:00,2025-08-13 09:00:00,24,0
NEAT_0030,CUS0014,ITE0019,1,1,SCE001,7,PR0007,2025-08-13 09:00:00,2025-08-13 09:10:00,7,PR0007,2025-08-13 09:00:00,2025-08-13 09:10:00,24,0
NEAT_0030,CUS0014,ITE0019,1,1,SCE001,8,PR0008,2025-08-13 09:10:00,2025-08-13 09:20:00,8,PR0008,2025-08-13 09:10:00,2025-08-13 09:20:00,24,0
NEAT_0030,CUS0014,ITE0019,1,1,SCE001,9,PR0009,2025-08-13 09:20:00,2025-08-13 09:30:00,9,PR0009,2025-08-13 09:20:00,2025-08-13 09:30:00,24,0
NEAT_0030,CUS0014,ITE0019,1,1,SCE001,10,PR0010,2025-08-13 09:30:00,2025-08-13 09:40:00,10,PR0010,2025-08-13 09:30:00,2025-08-13 09:40:00,24,0
NEAT_0030,CUS0014,ITE0019,1,1,SCE001,11,PR0011,2025-08-13 09:40:00,2025-08-13 09:50:00,11,PR0011,2025-08-13 09:40:00,2025-08-13 09:50:00,24,0
NEAT_0030,CUS0014,ITE0019,1,1,SCE001,12,PR0012,2025-08-13 09:50:00,2025-08-13 10:00:00,12,PR0012,2025-08-13 09:50:00,2025-08-13 10:00:00,24,0
NEAT_0031,CUS0009,ITE0023,1,1,SCE001,1,PR0001,2025-08-14 08:00:00,2025-08-14 08:10:00,1,PR0001,2025-08-14 08:00:00,2025-08-14 08:10:00,24,0
NEAT_0031,CUS0009,ITE0023,1,1,SCE001,2,PR0002,2025-08-14 08:10:00,2025-08-14 08:20:00,2,PR0002,2025-08-14 08:10:00,2025-08-14 08:20:00,24,0
NEAT_0031,CUS0009,ITE0023,1,1,SCE001,3,PR0003,2025-08-14 08:20:00,2025-08-14 08:30:00,3,PR0003,2025-08-14 08:20:00,2025-08-14 08:30:00,24,0
NEAT_0031,CUS0009,ITE0023,1,1,SCE001,4,PR0004,2025-08-14 08:30:00,2025-08-14 08:40:00,4,PR0004,2025-08-14 08:30:00,2025-08-14 08:40:00,24,0
NEAT_0031,CUS0009,ITE0023,1,1,SCE001,5,PR0005,2025-08-14 08:40:00,2025-08-14 08:50:00,5,PR0005,2025-08-14 08:40:00,2025-08-14 08:50:00,24,0
NEAT_0031,CUS0009,ITE0023,1,1,SCE001,6,PR0006,2025-08-14 08:50:00,2025-08-14 09:00:00,6,PR0006,2025-08-14 08:50:00,2025-08-14 09:00:00,24,0
NEAT_0031,CUS0009,ITE0023,1,1,SCE001,7,PR0007,2025-08-14 09:00:00,2025-08-14 09:10:00,7,PR0007,2025-08-14 09:00:00,2025-08-14 09:10:00,24,0
NEAT_0031,CUS0009,ITE0023,1,1,SCE001,8,PR0008,2025-08-14 09:10:00,2025-08-14 09:20:00,8,PR0008,2025-08-14 09:10:00,2025-08-14 09:20:00,24,0
NEAT_0031,CUS0009,ITE0023,1,1,SCE001,9,PR0009,2025-08-14 09:20:00,2025-08-14 09:30:00,9,PR0009,2025-08-14 09:20:00,2025-08-14 09:30:00,24,0
NEAT_0031,CUS0009,ITE0023,1,1,SCE001,10,PR0010,2025-08-14 09:30:00,2025-08-14 09:40:00,10,PR0010,2025-08-14 09:30:00,2025-08-14 09:40:00,24,0
NEAT_0031,CUS0009,ITE0023,1,1,SCE001,11,PR0011,2025-08-14 09:40:00,2025-08-14 09:50:00,11,PR0011,2025-08-14 09:40:00,2025-08-14 09:50:00,24,0
NEAT_0031,CUS0009,ITE0023,1,1,SCE001,12,PR0012,2025-08-14 09:50:00,2025-08-14 10:00:00,12,PR0012,2025-08-14 09:50:00,2025-08-14 10:00:00,24,0
NEAT_0032,CUS0016,ITE0041,1,1,SCE001,1,PR0001,2025-08-15 08:00:00,2025-08-15 08:10:00,1,PR0001,2025-08-15 08:00:00,2025-08-15 08:10:00,24,0
NEAT_0032,CUS0016,ITE0041,1,1,SCE001,2,PR0002,2025-08-15 08:10:00,2025-08-15 08:20:00,2,PR0002,2025-08-15 08:10:00,2025-08-15 08:20:00,24,0
NEAT_0032,CUS0016,ITE0041,1,1,SCE001,3,PR0003,2025-08-15 08:20:00,2025-08-15 08:30:00,3,PR0003,2025-08-15 08:20:00,2025-08-15 08:30:00,24,0
NEAT_0032,CUS0016,ITE0041,1,1,SCE001,4,PR0004,2025-08-15 08:30:00,2025-08-15 08:40:00,4,PR0004,2025-08-15 08:30:00,2025-08-15 08:40:00,24,0
NEAT_0032,CUS0016,ITE0041,1,1,SCE001,5,PR0005,2025-08-15 08:40:00,2025-08-15 08:50:00,5,PR0005,2025-08-15 08:40:00,2025-08-15 08:50:00,24,0
NEAT_0032,CUS0016,ITE0041,1,1,SCE001,6,PR0006,2025-08-15 08:50:00,2025-08-15 09:00:00,6,PR0006,2025-08-15 08:50:00,2025-08-15 09:00:00,24,0
NEAT_0032,CUS0016,ITE0041,1,1,SCE001,7,PR0007,2025-08-15 09:00:00,2025-08-15 09:10:00,7,PR0007,2025-08-15 09:00:00,2025-08-15 09:10:00,24,0
NEAT_0032,CUS0016,ITE0041,1,1,SCE001,8,PR0008,2025-08-15 09:10:00,2025-08-15 09:20:00,8,PR0008,2025-08-15 09:10:00,2025-08-15 09:20:00,24,0
NEAT_0032,CUS0016,ITE0041,1,1,SCE001,9,PR0009,2025-08-15 09:20:00,2025-08-15 09:30:00,9,PR0009,2025-08-15 09:20:00,2025-08-15 09:30:00,24,0
NEAT_0032,CUS0016,ITE0041,1,1,SCE001,10,PR0010,2025-08-15 09:30:00,2025-08-15 09:40:00,10,PR0010,2025-08-15 09:30:00,2025-08-15 09:40:00,24,0
NEAT_0032,CUS0016,ITE0041,1,1,SCE001,11,PR0011,2025-08-15 09:40:00,2025-08-15 09:50:00,11,PR0011,2025-08-15 09:40:00,2025-08-15 09:50:00,24,0
NEAT_0032,CUS0016,ITE0041,1,1,SCE001,12,PR0012,2025-08-15 09:50:00,2025-08-15 10:00:00,12,PR0012,2025-08-15 09:50:00,2025-08-15 10:00:00,24,0
NEAT_0033,CUS0015,ITE0003,2,2,SCE005,1,PR0001,2025-08-16 08:00:00,2025-08-16 08:10:00,1,PR0001,2025-08-16 08:00:00,2025-08-16 08:10:00,24,0
NEAT_0033,CUS0015,ITE0003,2,2,SCE005,2,PR0003,2025-08-16 08:10:00,2025-08-16 08:20:00,2,PR0003,2025-08-16 08:10:00,2025-08-16 08:20:00,24,0
NEAT_0033,CUS0015,ITE0003,2,2,SCE005,3,PR0004,2025-08-16 08:20:00,2025-08-16 08:30:00,3,PR0004,2025-08-16 08:20:00,2025-08-16 08:30:00,24,0
NEAT_0033,CUS0015,ITE0003,2,2,SCE005,4,PR0014,2025-08-16 08:30:00,2025-08-16 08:40:00,4,PR0014,2025-08-16 08:30:00,2025-08-16 08:40:00,24,0
NEAT_0033,CUS0015,ITE0003,2,2,SCE005,5,PR0012,2025-08-16 08:40:00,2025-08-16 08:50:00,5,PR0012,2025-08-16 08:40:00,2025-08-16 08:50:00,24,0
NEAT_0033,CUS0015,ITE0003,2,2,SCE005,6,PR0006,2025-08-16 08:50:00,2025-08-16 09:00:00,6,PR0006,2025-08-16 08:50:00,2025-08-16 09:00:00,24,0
NEAT_0034,CUS0001,ITE0043,1,1,SCE001,1,PR0001,2025-08-17 08:00:00,2025-08-17 08:10:00,1,PR0001,2025-08-17 08:00:00,2025-08-17 08:10:00,24,0
NEAT_0034,CUS0001,ITE0043,1,1,SCE001,2,PR0002,2025-08-17 08:10:00,2025-08-17 08:20:00,2,PR0002,2025-08-17 08:10:00,2025-08-17 08:20:00,24,0
NEAT_0034,CUS0001,ITE0043,1,1,SCE001,3,PR0003,2025-08-17 08:20:00,2025-08-17 08:30:00,3,PR0003,2025-08-17 08:20:00,2025-08-17 08:30:00,24,0
NEAT_0034,CUS0001,ITE0043,1,1,SCE001,4,PR0004,2025-08-17 08:30:00,2025-08-17 08:40:00,4,PR0004,2025-08-17 08:30:00,2025-08-17 08:40:00,24,0
NEAT_0034,CUS0001,ITE0043,1,1,SCE001,5,PR0005,2025-08-17 08:40:00,2025-08-17 08:50:00,5,PR0005,2025-08-17 08:40:00,2025-08-17 08:50:00,24,0
NEAT_0034,CUS0001,ITE0043,1,1,SCE001,6,PR0006,2025-08-17 08:50:00,2025-08-17 09:00:00,6,PR0006,2025-08-17 08:50:00,2025-08-17 09:00:00,24,0
NEAT_0034,CUS0001,ITE0043,1,1,SCE001,7,PR0007,2025-08-17 09:00:00,2025-08-17 09:10:00,7,PR0007,2025-08-17 09:00:00,2025-08-17 09:10:00,24,0
NEAT_0034,CUS0001,ITE0043,1,1,SCE001,8,PR0008,2025-08-17 09:10:00,2025-08-17 09:20:00,8,PR0008,2025-08-17 09:10:00,2025-08-17 09:20:00,24,0
NEAT_0034,CUS0001,ITE0043,1,1,SCE001,9,PR0009,2025-08-17 09:20:00,2025-08-17 09:30:00,9,PR0009,2025-08-17 09:20:00,2025-08-17 09:30:00,24,0
NEAT_0034,CUS0001,ITE0043,1,1,SCE001,10,PR0010,2025-08-17 09:30:00,2025-08-17 09:40:00,10,PR0010,2025-08-17 09:30:00,2025-08-17 09:40:00,24,0
NEAT_0034,CUS0001,ITE0043,1,1,SCE001,11,PR0011,2025-08-17 09:40:00,2025-08-17 09:50:00,11,PR0011,2025-08-17 09:40:00,2025-08-17 09:50:00,24,0
NEAT_0034,CUS0001,ITE0043,1,1,SCE001,12,PR0012,2025-08-17 09:50:00,2025-08-17 10:00:00,12,PR0012,2025-08-17 09:50:00,2025-08-17 10:00:00,24,0
NEAT_0035,CUS0019,ITE0008,2,2,SCE004,1,PR0001,2025-08-18 08:00:00,2025-08-18 08:10:00,1,PR0001,2025-08-18 08:00:00,2025-08-18 08:10:00,24,0
NEAT_0035,CUS0019,ITE0008,2,2,SCE004,2,PR0002,2025-08-18 08:10:00,2025-08-18 08:20:00,2,PR0002,2025-08-18 08:10:00,2025-08-18 08:20:00,24,0
NEAT_0035,CUS0019,ITE0008,2,2,SCE004,3,PR0003,2025-08-18 08:20:00,2025-08-18 08:30:00,3,PR0003,2025-08-18 08:20:00,2025-08-18 08:30:00,24,0
NEAT_0035,CUS0019,ITE0008,2,2,SCE004,4,PR0004,2025-08-18 08:30:00,2025-08-18 08:40:00,4,PR0004,2025-08-18 08:30:00,2025-08-18 08:40:00,24,0
NEAT_0035,CUS0019,ITE0008,2,2,SCE004,5,PR0005,2025-08-18 08:40:00,2025-08-18 08:50:00,5,PR0005,2025-08-18 08:40:00,2025-08-18 08:50:00,24,0
NEAT_0035,CUS0019,ITE0008,2,2,SCE004,6,PR0014,2025-08-18 08:50:00,2025-08-18 09:00:00,6,PR0014,2025-08-18 08:50:00,2025-08-18 09:00:00,24,0
NEAT_0035,CUS0019,ITE0008,2,2,SCE004,7,PR0006,2025-08-18 09:00:00,2025-08-18 09:10:00,7,PR0006,2025-08-18 09:00:00,2025-08-18 09:10:00,24,0
NEAT_0035,CUS0019,ITE0008,2,2,SCE004,8,PR0007,2025-08-18 09:10:00,2025-08-18 09:20:00,8,PR0007,2025-08-18 09:10:00,2025-08-18 09:20:00,24,0
NEAT_0035,CUS0019,ITE0008,2,2,SCE004,9,PR0008,2025-08-18 09:20:00,2025-08-18 09:30:00,9,PR0008,2025-08-18 09:20:00,2025-08-18 09:30:00,24,0
NEAT_0035,CUS0019,ITE0008,2,2,SCE004,10,PR0013,2025-08-18 09:30:00,2025-08-18 09:40:00,10,PR0013,2025-08-18 09:30:00,2025-08-18 09:40:00,24,0
NEAT_0035,CUS0019,ITE0008,2,2,SCE004,11,PR0009,2025-08-18 09:40:00,2025-08-18 09:50:00,11,PR0009,2025-08-18 09:40:00,2025-08-18 09:50:00,24,0
NEAT_0035,CUS0019,ITE0008,2,2,SCE004,12,PR0010,2025-08-18 09:50:00,2025-08-18 10:00:00,12,PR0010,2025-08-18 09:50:00,2025-08-18 10:00:00,24,0
NEAT_0035,CUS0019,ITE0008,2,2,SCE004,13,PR0011,2025-08-18 10:00:00,2025-08-18 10:10:00,13,PR0011,2025-08-18 10:00:00,2025-08-18 10:10:00,24,0
NEAT_0035,CUS0019,ITE0008,2,2,SCE004,14,PR0012,2025-08-18 10:10:00,2025-08-18 10:20:00,14,PR0012,2025-08-18 10:10:00,2025-08-18 10:20:00,24,0
NEAT_0036,CUS0017,ITE0017,2,1,SCE003,1,PR0001,2025-08-19 08:00:00,2025-08-19 08:10:00,1,PR0001,2025-08-19 08:00:00,2025-08-19 08:10:00,24,0
NEAT_0036,CUS0017,ITE0017,2,1,SCE003,2,PR0002,2025-08-19 08:10:00,2025-08-19 08:20:00,2,PR0002,2025-08-19 08:10:00,2025-08-19 08:20:00,24,0
NEAT_0036,CUS0017,ITE0017,2,1,SCE003,3,PR0003,2025-08-19 08:20:00,2025-08-19 08:30:00,3,PR0003,2025-08-19 08:20:00,2025-08-19 08:30:00,24,0
NEAT_0036,CUS0017,ITE0017,2,1,SCE003,4,PR0004,2025-08-19 08:30:00,2025-08-19 08:40:00,4,PR0004,2025-08-19 08:30:00,2025-08-19 08:40:00,24,0
NEAT_0036,CUS0017,ITE0017,2,1,SCE003,5,PR0005,2025-08-19 08:40:00,2025-08-19 08:50:00,5,PR0005,2025-08-19 08:40:00,2025-08-19 08:50:00,24,0
NEAT_0036,CUS0017,ITE0017,2,1,SCE003,6,PR0014,2025-08-19 08:50:00,2025-08-19 09:00:00,6,PR0014,2025-08-19 08:50:00,2025-08-19 09:00:00,24,0
NEAT_0036,CUS0017,ITE0017,2,1,SCE003,7,PR0006,2025-08-19 09:00:00,2025-08-19 09:10:00,7,PR0006,2025-08-19 09:00:00,2025-08-19 09:10:00,24,0
NEAT_0036,CUS0017,ITE0017,2,1,SCE003,8,PR0007,2025-08-19 09:10:00,2025-08-19 09:20:00,8,PR0007,2025-08-19 09:10:00,2025-08-19 09:20:00,24,0
NEAT_0036,CUS0017,ITE0017,2,1,SCE003,9,PR0008,2025-08-19 09:20:00,2025-08-19 09:30:00,9,PR0008,2025-08-19 09:20:00,2025-08-19 09:30:00,24,0
NEAT_0036,CUS0017,ITE0017,2,1,SCE003,10,PR0009,2025-08-19 09:30:00,2025-08-19 09:40:00,10,PR0009,2025-08-19 09:30:00,2025-08-19 09:40:00,24,0
NEAT_0036,CUS0017,ITE0017,2,1,SCE003,11,PR0010,2025-08-19 09:40:00,2025-08-19 09:50:00,11,PR0010,2025-08-19 09:40:00,2025-08-19 09:50:00,24,0
NEAT_0036,CUS0017,ITE0017,2,1,SCE003,12,PR0011,2025-08-19 09:50:00,2025-08-19 10:00:00,12,PR0011,2025-08-19 09:50:00,2025-08-19 10:00:00,24,0
NEAT_0036,CUS0017,ITE0017,2,1,SCE003,13,PR0012,2025-08-19 10:00:00,2025-08-19 10:10:00,13,PR0012,2025-08-19 10:00:00,2025-08-19 10:10:00,24,0
NEAT_0037,CUS0009,ITE0050,2,2,SCE005,1,PR0001,2025-08-20 08:00:00,2025-08-20 08:10:00,1,PR0001,2025-08-20 08:00:00,2025-08-20 08:10:00,24,0
NEAT_0037,CUS0009,ITE0050,2,2,SCE005,2,PR0003,2025-08-20 08:10:00,2025-08-20 08:20:00,2,PR0003,2025-08-20 08:10:00,2025-08-20 08:20:00,24,0
NEAT_0037,CUS0009,ITE0050,2,2,SCE005,3,PR0004,2025-08-20 08:20:00,2025-08-20 08:30:00,3,PR0004,2025-08-20 08:20:00,2025-08-20 08:30:00,24,0
NEAT_0037,CUS0009,ITE0050,2,2,SCE005,4,PR0014,2025-08-20 08:30:00,2025-08-20 08:40:00,4,PR0014,2025-08-20 08:30:00,2025-08-20 08:40:00,24,0
NEAT_0037,CUS0009,ITE0050,2,2,SCE005,5,PR0012,2025-08-20 08:40:00,2025-08-20 08:50:00,5,PR0012,2025-08-20 08:40:00,2025-08-20 08:50:00,24,0
NEAT_0037,CUS0009,ITE0050,2,2,SCE005,6,PR0006,2025-08-20 08:50:00,2025-08-20 09:00:00,6,PR0006,2025-08-20 08:50:00,2025-08-20 09:00:00,24,0
NEAT_0038,CUS0015,ITE0009,2,2,SCE005,1,PR0001,2025-08-21 08:00:00,2025-08-21 08:10:00,1,PR0001,2025-08-21 08:00:00,2025-08-21 08:10:00,24,0
NEAT_0038,CUS0015,ITE0009,2,2,SCE005,2,PR0003,2025-08-21 08:10:00,2025-08-21 08:20:00,2,PR0003,2025-08-21 08:10:00,2025-08-21 08:20:00,24,0
NEAT_0038,CUS0015,ITE0009,2,2,SCE005,3,PR0004,2025-08-21 08:20:00,2025-08-21 08:30:00,3,PR0004,2025-08-21 08:20:00,2025-08-21 08:30:00,24,0
NEAT_0038,CUS0015,ITE0009,2,2,SCE005,4,PR0014,2025-08-21 08:30:00,2025-08-21 08:40:00,4,PR0014,2025-08-21 08:30:00,2025-08-21 08:40:00,24,0
NEAT_0038,CUS0015,ITE0009,2,2,SCE005,5,PR0012,2025-08-21 08:40:00,2025-08-21 08:50:00,5,PR0012,2025-08-21 08:40:00,2025-08-21 08:50:00,24,0
NEAT_0038,CUS0015,ITE0009,2,2,SCE005,6,PR0006,2025-08-21 08:50:00,2025-08-21 09:00:00,6,PR0006,2025-08-21 08:50:00,2025-08-21 09:00:00,24,0
NEAT_0039,CUS0011,ITE0030,2,1,SCE003,1,PR0001,2025-08-22 08:00:00,2025-08-22 08:10:00,1,PR0001,2025-08-22 08:00:00,2025-08-22 08:10:00,24,0
NEAT_0039,CUS0011,ITE0030,2,1,SCE003,2,PR0002,2025-08-22 08:10:00,2025-08-22 08:20:00,2,PR0002,2025-08-22 08:10:00,2025-08-22 08:20:00,24,0
NEAT_0039,CUS0011,ITE0030,2,1,SCE003,3,PR0003,2025-08-22 08:20:00,2025-08-22 08:30:00,3,PR0003,2025-08-22 08:20:00,2025-08-22 08:30:00,24,0
NEAT_0039,CUS0011,ITE0030,2,1,SCE003,4,PR0004,2025-08-22 08:30:00,2025-08-22 08:40:00,4,PR0004,2025-08-22 08:30:00,2025-08-22 08:40:00,24,0
NEAT_0039,CUS0011,ITE0030,2,1,SCE003,5,PR0005,2025-08-22 08:40:00,2025-08-22 08:50:00,5,PR0005,2025-08-22 08:40:00,2025-08-22 08:50:00,24,0
NEAT_0039,CUS0011,ITE0030,2,1,SCE003,6,PR0014,2025-08-22 08:50:00,2025-08-22 09:00:00,6,PR0014,2025-08-22 08:50:00,2025-08-22 09:00:00,24,0
NEAT_0039,CUS0011,ITE0030,2,1,SCE003,7,PR0006,2025-08-22 09:00:00,2025-08-22 09:10:00,7,PR0006,2025-08-22 09:00:00,2025-08-22 09:10:00,24,0
NEAT_0039,CUS0011,ITE0030,2,1,SCE003,8,PR0007,2025-08-22 09:10:00,2025-08-22 09:20:00,8,PR0007,2025-08-22 09:10:00,2025-08-22 09:20:00,24,0
NEAT_0039,CUS0011,ITE0030,2,1,SCE003,9,PR0008,2025-08-22 09:20:00,2025-08-22 09:30:00,9,PR0008,2025-08-22 09:20:00,2025-08-22 09:30:00,24,0
NEAT_0039,CUS0011,ITE0030,2,1,SCE003,10,PR0009,2025-08-22 09:30:00,2025-08-22 09:40:00,10,PR0009,2025-08-22 09:30:00,2025-08-22 09:40:00,24,0
NEAT_0039,CUS0011,ITE0030,2,1,SCE003,11,PR0010,2025-08-22 09:40:00,2025-08-22 09:50:00,11,PR0010,2025-08-22 09:40:00,2025-08-22 09:50:00,24,0
NEAT_0039,CUS0011,ITE0030,2,1,SCE003,12,PR0011,2025-08-22 09:50:00,2025-08-22 10:00:00,12,PR0011,2025-08-22 09:50:00,2025-08-22 10:00:00,24,0
NEAT_0039,CUS0011,ITE0030,2,1,SCE003,13,PR0012,2025-08-22 10:00:00,2025-08-22 10:10:00,13,PR0012,2025-08-22 10:00:00,2025-08-22 10:10:00,24,0
NEAT_0040,CUS0020,ITE0021,1,2,SCE002,1,PR0001,2025-08-23 08:00:00,2025-08-23 08:10:00,1,PR0001,2025-08-23 08:00:00,2025-08-23 08:10:00,24,0
NEAT_0040,CUS0020,ITE0021,1,2,SCE002,2,PR0002,2025-08-23 08:10:00,2025-08-23 08:20:00,2,PR0002,2025-08-23 08:10:00,2025-08-23 08:20:00,24,0
NEAT_0040,CUS0020,ITE0021,1,2,SCE002,3,PR0003,2025-08-23 08:20:00,2025-08-23 08:30:00,3,PR0003,2025-08-23 08:20:00,2025-08-23 08:30:00,24,0
NEAT_0040,CUS0020,ITE0021,1,2,SCE002,4,PR0004,2025-08-23 08:30:00,2025-08-23 08:40:00,4,PR0004,2025-08-23 08:30:00,2025-08-23 08:40:00,24,0
NEAT_0040,CUS0020,ITE0021,1,2,SCE002,5,PR0005,2025-08-23 08:40:00,2025-08-23 08:50:00,5,PR0005,2025-08-23 08:40:00,2025-08-23 08:50:00,24,0
NEAT_0040,CUS0020,ITE0021,1,2,SCE002,6,PR0006,2025-08-23 08:50:00,2025-08-23 09:00:00,6,PR0006,2025-08-23 08:50:00,2025-08-23 09:00:00,24,0
NEAT_0040,CUS0020,ITE0021,1,2,SCE002,7,PR0007,2025-08-23 09:00:00,2025-08-23 09:10:00,7,PR0007,2025-08-23 09:00:00,2025-08-23 09:10:00,24,0
NEAT_0040,CUS0020,ITE0021,1,2,SCE002,8,PR0013,2025-08-23 09:10:00,2025-08-23 09:20:00,8,PR0013,2025-08-23 09:10:00,2025-08-23 09:20:00,24,0
NEAT_0040,CUS0020,ITE0021,1,2,SCE002,9,PR0008,2025-08-23 09:20:00,2025-08-23 09:30:00,9,PR0008,2025-08-23 09:20:00,2025-08-23 09:30:00,24,0
NEAT_0040,CUS0020,ITE0021,1,2,SCE002,10,PR0009,2025-08-23 09:30:00,2025-08-23 09:40:00,10,PR0009,2025-08-23 09:30:00,2025-08-23 09:40:00,24,0
NEAT_0040,CUS0020,ITE0021,1,2,SCE002,11,PR0010,2025-08-23 09:40:00,2025-08-23 09:50:00,11,PR0010,2025-08-23 09:40:00,2025-08-23 09:50:00,24,0
NEAT_0040,CUS0020,ITE0021,1,2,SCE002,12,PR0011,2025-08-23 09:50:00,2025-08-23 10:00:00,12,PR0011,2025-08-23 09:50:00,2025-08-23 10:00:00,24,0
NEAT_0040,CUS0020,ITE0021,1,2,SCE002,13,PR0012,2025-08-23 10:00:00,2025-08-23 10:10:00,13,PR0012,2025-08-23 10:00:00,2025-08-23 10:10:00,24,0
NEAT_0041,CUS0011,ITE0034,1,1,SCE001,1,PR0001,2025-08-24 08:00:00,2025-08-24 08:10:00,1,PR0001,2025-08-24 08:00:00,2025-08-24 08:10:00,24,0
NEAT_0041,CUS0011,ITE0034,1,1,SCE001,2,PR0002,2025-08-24 08:10:00,2025-08-24 08:20:00,2,PR0002,2025-08-24 08:10:00,2025-08-24 08:20:00,24,0
NEAT_0041,CUS0011,ITE0034,1,1,SCE001,3,PR0003,2025-08-24 08:20:00,2025-08-24 08:30:00,3,PR0003,2025-08-24 08:20:00,2025-08-24 08:30:00,24,0
NEAT_0041,CUS0011,ITE0034,1,1,SCE001,4,PR0004,2025-08-24 08:30:00,2025-08-24 08:40:00,4,PR0004,2025-08-24 08:30:00,2025-08-24 08:40:00,24,0
NEAT_0041,CUS0011,ITE0034,1,1,SCE001,5,PR0005,2025-08-24 08:40:00,2025-08-24 08:50:00,5,PR0005,2025-08-24 08:40:00,2025-08-24 08:50:00,24,0
NEAT_0041,CUS0011,ITE0034,1,1,SCE001,6,PR0006,2025-08-24 08:50:00,2025-08-24 09:00:00,6,PR0006,2025-08-24 08:50:00,2025-08-24 09:00:00,24,0
NEAT_0041,CUS0011,ITE0034,1,1,SCE001,7,PR0007,2025-08-24 09:00:00,2025-08-24 09:10:00,7,PR0007,2025-08-24 09:00:00,2025-08-24 09:10:00,24,0
NEAT_0041,CUS0011,ITE0034,1,1,SCE001,8,PR0008,2025-08-24 09:10:00,2025-08-24 09:20:00,8,PR0008,2025-08-24 09:10:00,2025-08-24 09:20:00,24,0
NEAT_0041,CUS0011,ITE0034,1,1,SCE001,9,PR0009,2025-08-24 09:20:00,2025-08-24 09:30:00,9,PR0009,2025-08-24 09:20:00,2025-08-24 09:30:00,24,0
NEAT_0041,CUS0011,ITE0034,1,1,SCE001,10,PR0010,2025-08-24 09:30:00,2025-08-24 09:40:00,10,PR0010,2025-08-24 09:30:00,2025-08-24 09:40:00,24,0
NEAT_0041,CUS0011,ITE0034,1,1,SCE001,11,PR0011,2025-08-24 09:40:00,2025-08-24 09:50:00,11,PR0011,2025-08-24 09:40:00,2025-08-24 09:50:00,24,0
NEAT_0041,CUS0011,ITE0034,1,1,SCE001,12,PR0012,2025-08-24 09:50:00,2025-08-24 10:00:00,12,PR0012,2025-08-24 09:50:00,2025-08-24 10:00:00,24,0
NEAT_0042,CUS0001,ITE0007,2,2,SCE004,1,PR0001,2025-08-25 08:00:00,2025-08-25 08:10:00,1,PR0001,2025-08-25 08:00:00,2025-08-25 08:10:00,24,0
NEAT_0042,CUS0001,ITE0007,2,2,SCE004,2,PR0002,2025-08-25 08:10:00,2025-08-25 08:20:00,2,PR0002,2025-08-25 08:10:00,2025-08-25 08:20:00,24,0
NEAT_0042,CUS0001,ITE0007,2,2,SCE004,3,PR0003,2025-08-25 08:20:00,2025-08-25 08:30:00,3,PR0003,2025-08-25 08:20:00,2025-08-25 08:30:00,24,0
NEAT_0042,CUS0001,ITE0007,2,2,SCE004,4,PR0004,2025-08-25 08:30:00,2025-08-25 08:40:00,4,PR0004,2025-08-25 08:30:00,2025-08-25 08:40:00,24,0
NEAT_0042,CUS0001,ITE0007,2,2,SCE004,5,PR0005,2025-08-25 08:40:00,2025-08-25 08:50:00,5,PR0005,2025-08-25 08:40:00,2025-08-25 08:50:00,24,0
NEAT_0042,CUS0001,ITE0007,2,2,SCE004,6,PR0014,2025-08-25 08:50:00,2025-08-25 09:00:00,6,PR0014,2025-08-25 08:50:00,2025-08-25 09:00:00,24,0
NEAT_0042,CUS0001,ITE0007,2,2,SCE004,7,PR0006,2025-08-25 09:00:00,2025-08-25 09:10:00,7,PR0006,2025-08-25 09:00:00,2025-08-25 09:10:00,24,0
NEAT_0042,CUS0001,ITE0007,2,2,SCE004,8,PR0007,2025-08-25 09:10:00,2025-08-25 09:20:00,8,PR0007,2025-08-25 09:10:00,2025-08-25 09:20:00,24,0
NEAT_0042,CUS0001,ITE0007,2,2,SCE004,9,PR0008,2025-08-25 09:20:00,2025-08-25 09:30:00,9,PR0008,2025-08-25 09:20:00,2025-08-25 09:30:00,24,0
NEAT_0042,CUS0001,ITE0007,2,2,SCE004,10,PR0013,2025-08-25 09:30:00,2025-08-25 09:40:00,10,PR0013,2025-08-25 09:30:00,2025-08-25 09:40:00,24,0
NEAT_0042,CUS0001,ITE0007,2,2,SCE004,11,PR0009,2025-08-25 09:40:00,2025-08-25 09:50:00,11,PR0009,2025-08-25 09:40:00,2025-08-25 09:50:00,24,0
NEAT_0042,CUS0001,ITE0007,2,2,SCE004,12,PR0010,2025-08-25 09:50:00,2025-08-25 10:00:00,12,PR0010,2025-08-25 09:50:00,2025-08-25 10:00:00,24,0
NEAT_0042,CUS0001,ITE0007,2,2,SCE004,13,PR0011,2025-08-25 10:00:00,2025-08-25 10:10:00,13,PR0011,2025-08-25 10:00:00,2025-08-25 10:10:00,24,0
NEAT_0042,CUS0001,ITE0007,2,2,SCE004,14,PR0012,2025-08-25 10:10:00,2025-08-25 10:20:00,14,PR0012,2025-08-25 10:10:00,2025-08-25 10:20:00,24,0
NEAT_0043,CUS0013,ITE0011,1,1,SCE001,1,PR0001,2025-08-26 08:00:00,2025-08-26 08:10:00,1,PR0001,2025-08-26 08:00:00,2025-08-26 08:10:00,24,0
NEAT_0043,CUS0013,ITE0011,1,1,SCE001,2,PR0002,2025-08-26 08:10:00,2025-08-26 08:20:00,2,PR0002,2025-08-26 08:10:00,2025-08-26 08:20:00,24,0
NEAT_0043,CUS0013,ITE0011,1,1,SCE001,3,PR0003,2025-08-26 08:20:00,2025-08-26 08:30:00,3,PR0003,2025-08-26 08:20:00,2025-08-26 08:30:00,24,0
NEAT_0043,CUS0013,ITE0011,1,1,SCE001,4,PR0004,2025-08-26 08:30:00,2025-08-26 08:40:00,4,PR0004,2025-08-26 08:30:00,2025-08-26 08:40:00,24,0
NEAT_0043,CUS0013,ITE0011,1,1,SCE001,5,PR0005,2025-08-26 08:40:00,2025-08-26 08:50:00,5,PR0005,2025-08-26 08:40:00,2025-08-26 08:50:00,24,0
NEAT_0043,CUS0013,ITE0011,1,1,SCE001,6,PR0006,2025-08-26 08:50:00,2025-08-26 09:00:00,6,PR0006,2025-08-26 08:50:00,2025-08-26 09:00:00,24,0
NEAT_0043,CUS0013,ITE0011,1,1,SCE001,7,PR0007,2025-08-26 09:00:00,2025-08-26 09:10:00,7,PR0007,2025-08-26 09:00:00,2025-08-26 09:10:00,24,0
NEAT_0043,CUS0013,ITE0011,1,1,SCE001,8,PR0008,2025-08-26 09:10:00,2025-08-26 09:20:00,8,PR0008,2025-08-26 09:10:00,2025-08-26 09:20:00,24,0
NEAT_0043,CUS0013,ITE0011,1,1,SCE001,9,PR0009,2025-08-26 09:20:00,2025-08-26 09:30:00,9,PR0009,2025-08-26 09:20:00,2025-08-26 09:30:00,24,0
NEAT_0043,CUS0013,ITE0011,1,1,SCE001,10,PR0010,2025-08-26 09:30:00,2025-08-26 09:40:00,10,PR0010,2025-08-26 09:30:00,2025-08-26 09:40:00,24,0
NEAT_0043,CUS0013,ITE0011,1,1,SCE001,11,PR0011,2025-08-26 09:40:00,2025-08-26 09:50:00,11,PR0011,2025-08-26 09:40:00,2025-08-26 09:50:00,24,0
NEAT_0043,CUS0013,ITE0011,1,1,SCE001,12,PR0012,2025-08-26 09:50:00,2025-08-26 10:00:00,12,PR0012,2025-08-26 09:50:00,2025-08-26 10:00:00,24,0
NEAT_0044,CUS0005,ITE0002,2,2,SCE004,1,PR0001,2025-08-27 08:00:00,2025-08-27 08:10:00,1,PR0001,2025-08-27 08:00:00,2025-08-27 08:10:00,24,0
NEAT_0044,CUS0005,ITE0002,2,2,SCE004,2,PR0002,2025-08-27 08:10:00,2025-08-27 08:20:00,2,PR0002,2025-08-27 08:10:00,2025-08-27 08:20:00,24,0
NEAT_0044,CUS0005,ITE0002,2,2,SCE004,3,PR0003,2025-08-27 08:20:00,2025-08-27 08:30:00,3,PR0003,2025-08-27 08:20:00,2025-08-27 08:30:00,24,0
NEAT_0044,CUS0005,ITE0002,2,2,SCE004,4,PR0004,2025-08-27 08:30:00,2025-08-27 08:40:00,4,PR0004,2025-08-27 08:30:00,2025-08-27 08:40:00,24,0
NEAT_0044,CUS0005,ITE0002,2,2,SCE004,5,PR0005,2025-08-27 08:40:00,2025-08-27 08:50:00,5,PR0005,2025-08-27 08:40:00,2025-08-27 08:50:00,24,0
NEAT_0044,CUS0005,ITE0002,2,2,SCE004,6,PR0014,2025-08-27 08:50:00,2025-08-27 09:00:00,6,PR0014,2025-08-27 08:50:00,2025-08-27 09:00:00,24,0
NEAT_0044,CUS0005,ITE0002,2,2,SCE004,7,PR0006,2025-08-27 09:00:00,2025-08-27 09:10:00,7,PR0006,2025-08-27 09:00:00,2025-08-27 09:10:00,24,0
NEAT_0044,CUS0005,ITE0002,2,2,SCE004,8,PR0007,2025-08-27 09:10:00,2025-08-27 09:20:00,8,PR0007,2025-08-27 09:10:00,2025-08-27 09:20:00,24,0
NEAT_0044,CUS0005,ITE0002,2,2,SCE004,9,PR0008,2025-08-27 09:20:00,2025-08-27 09:30:00,9,PR0008,2025-08-27 09:20:00,2025-08-27 09:30:00,24,0
NEAT_0044,CUS0005,ITE0002,2,2,SCE004,10,PR0013,2025-08-27 09:30:00,2025-08-27 09:40:00,10,PR0013,2025-08-27 09:30:00,2025-08-27 09:40:00,24,0
NEAT_0044,CUS0005,ITE0002,2,2,SCE004,11,PR0009,2025-08-27 09:40:00,2025-08-27 09:50:00,11,PR0009,2025-08-27 09:40:00,2025-08-27 09:50:00,24,0
NEAT_0044,CUS0005,ITE0002,2,2,SCE004,12,PR0010,2025-08-27 09:50:00,2025-08-27 10:00:00,12,PR0010,2025-08-27 09:50:00,2025-08-27 10:00:00,24,0
NEAT_0044,CUS0005,ITE0002,2,2,SCE004,13,PR0011,2025-08-27 10:00:00,2025-08-27 10:10:00,13,PR0011,2025-08-27 10:00:00,2025-08-27 10:10:00,24,0
NEAT_0044,CUS0005,ITE0002,2,2,SCE004,14,PR0012,2025-08-27 10:10:00,2025-08-27 10:20:00,14,PR0012,2025-08-27 10:10:00,2025-08-27 10:20:00,24,0
NEAT_0045,CUS0001,ITE0039,1,1,SCE001,1,PR0001,2025-08-28 08:00:00,2025-08-28 08:10:00,1,PR0001,2025-08-28 08:00:00,2025-08-28 08:10:00,24,0
NEAT_0045,CUS0001,ITE0039,1,1,SCE001,2,PR0002,2025-08-28 08:10:00,2025-08-28 08:20:00,2,PR0002,2025-08-28 08:10:00,2025-08-28 08:20:00,24,0
NEAT_0045,CUS0001,ITE0039,1,1,SCE001,3,PR0003,2025-08-28 08:20:00,2025-08-28 08:30:00,3,PR0003,2025-08-28 08:20:00,2025-08-28 08:30:00,24,0
NEAT_0045,CUS0001,ITE0039,1,1,SCE001,4,PR0004,2025-08-28 08:30:00,2025-08-28 08:40:00,4,PR0004,2025-08-28 08:30:00,2025-08-28 08:40:00,24,0
NEAT_0045,CUS0001,ITE0039,1,1,SCE001,5,PR0005,2025-08-28 08:40:00,2025-08-28 08:50:00,5,PR0005,2025-08-28 08:40:00,2025-08-28 08:50:00,24,0
NEAT_0045,CUS0001,ITE0039,1,1,SCE001,6,PR0006,2025-08-28 08:50:00,2025-08-28 09:00:00,6,PR0006,2025-08-28 08:50:00,2025-08-28 09:00:00,24,0
NEAT_0045,CUS0001,ITE0039,1,1,SCE001,7,PR0007,2025-08-28 09:00:00,2025-08-28 09:10:00,7,PR0007,2025-08-28 09:00:00,2025-08-28 09:10:00,24,0
NEAT_0045,CUS0001,ITE0039,1,1,SCE001,8,PR0008,2025-08-28 09:10:00,2025-08-28 09:20:00,8,PR0008,2025-08-28 09:10:00,2025-08-28 09:20:00,24,0
NEAT_0045,CUS0001,ITE0039,1,1,SCE001,9,PR0009,2025-08-28 09:20:00,2025-08-28 09:30:00,9,PR0009,2025-08-28 09:20:00,2025-08-28 09:30:00,24,0
NEAT_0045,CUS0001,ITE0039,1,1,SCE001,10,PR0010,2025-08-28 09:30:00,2025-08-28 09:40:00,10,PR0010,2025-08-28 09:30:00,2025-08-28 09:40:00,24,0
NEAT_0045,CUS0001,ITE0039,1,1,SCE001,11,PR0011,2025-08-28 09:40:00,2025-08-28 09:50:00,11,PR0011,2025-08-28 09:40:00,2025-08-28 09:50:00,24,0
NEAT_0045,CUS0001,ITE0039,1,1,SCE001,12,PR0012,2025-08-28 09:50:00,2025-08-28 10:00:00,12,PR0012,2025-08-28 09:50:00,2025-08-28 10:00:00,24,0
NEAT_0046,CUS0011,ITE0045,2,2,SCE005,1,PR0001,2025-08-29 08:00:00,2025-08-29 08:10:00,1,PR0001,2025-08-29 08:00:00,2025-08-29 08:10:00,24,0
NEAT_0046,CUS0011,ITE0045,2,2,SCE005,2,PR0003,2025-08-29 08:10:00,2025-08-29 08:20:00,2,PR0003,2025-08-29 08:10:00,2025-08-29 08:20:00,24,0
NEAT_0046,CUS0011,ITE0045,2,2,SCE005,3,PR0004,2025-08-29 08:20:00,2025-08-29 08:30:00,3,PR0004,2025-08-29 08:20:00,2025-08-29 08:30:00,24,0
NEAT_0046,CUS0011,ITE0045,2,2,SCE005,4,PR0014,2025-08-29 08:30:00,2025-08-29 08:40:00,4,PR0014,2025-08-29 08:30:00,2025-08-29 08:40:00,24,0
NEAT_0046,CUS0011,ITE0045,2,2,SCE005,5,PR0012,2025-08-29 08:40:00,2025-08-29 08:50:00,5,PR0012,2025-08-29 08:40:00,2025-08-29 08:50:00,24,0
NEAT_0046,CUS0011,ITE0045,2,2,SCE005,6,PR0006,2025-08-29 08:50:00,2025-08-29 09:00:00,6,PR0006,2025-08-29 08:50:00,2025-08-29 09:00:00,24,0
NEAT_0047,CUS0011,ITE0040,1,2,SCE002,1,PR0001,2025-08-30 08:00:00,2025-08-30 08:10:00,1,PR0001,2025-08-30 08:00:00,2025-08-30 08:10:00,24,0
NEAT_0047,CUS0011,ITE0040,1,2,SCE002,2,PR0002,2025-08-30 08:10:00,2025-08-30 08:20:00,2,PR0002,2025-08-30 08:10:00,2025-08-30 08:20:00,24,0
NEAT_0047,CUS0011,ITE0040,1,2,SCE002,3,PR0003,2025-08-30 08:20:00,2025-08-30 08:30:00,3,PR0003,2025-08-30 08:20:00,2025-08-30 08:30:00,24,0
NEAT_0047,CUS0011,ITE0040,1,2,SCE002,4,PR0004,2025-08-30 08:30:00,2025-08-30 08:40:00,4,PR0004,2025-08-30 08:30:00,2025-08-30 08:40:00,24,0
NEAT_0047,CUS0011,ITE0040,1,2,SCE002,5,PR0005,2025-08-30 08:40:00,2025-08-30 08:50:00,5,PR0005,2025-08-30 08:40:00,2025-08-30 08:50:00,24,0
NEAT_0047,CUS0011,ITE0040,1,2,SCE002,6,PR0006,2025-08-30 08:50:00,2025-08-30 09:00:00,6,PR0006,2025-08-30 08:50:00,2025-08-30 09:00:00,24,0
NEAT_0047,CUS0011,ITE0040,1,2,SCE002,7,PR0007,2025-08-30 09:00:00,2025-08-30 09:10:00,7,PR0007,2025-08-30 09:00:00,2025-08-30 09:10:00,24,0
NEAT_0047,CUS0011,ITE0040,1,2,SCE002,8,PR0013,2025-08-30 09:10:00,2025-08-30 09:20:00,8,PR0013,2025-08-30 09:10:00,2025-08-30 09:20:00,24,0
NEAT_0047,CUS0011,ITE0040,1,2,SCE002,9,PR0008,2025-08-30 09:20:00,2025-08-30 09:30:00,9,PR0008,2025-08-30 09:20:00,2025-08-30 09:30:00,24,0
NEAT_0047,CUS0011,ITE0040,1,2,SCE002,10,PR0009,2025-08-30 09:30:00,2025-08-30 09:40:00,10,PR0009,2025-08-30 09:30:00,2025-08-30 09:40:00,24,0
NEAT_0047,CUS0011,ITE0040,1,2,SCE002,11,PR0010,2025-08-30 09:40:00,2025-08-30 09:50:00,11,PR0010,2025-08-30 09:40:00,2025-08-30 09:50:00,24,0
NEAT_0047,CUS0011,ITE0040,1,2,SCE002,12,PR0011,2025-08-30 09:50:00,2025-08-30 10:00:00,12,PR0011,2025-08-30 09:50:00,2025-08-30 10:00:00,24,0
NEAT_0047,CUS0011,ITE0040,1,2,SCE002,13,PR0012,2025-08-30 10:00:00,2025-08-30 10:10:00,13,PR0012,2025-08-30 10:00:00,2025-08-30 10:10:00,24,0
NEAT_0048,CUS0013,ITE0016,1,2,SCE002,1,PR0001,2025-08-31 08:00:00,2025-08-31 08:10:00,1,PR0001,2025-08-31 08:00:00,2025-08-31 08:10:00,24,0
NEAT_0048,CUS0013,ITE0016,1,2,SCE002,2,PR0002,2025-08-31 08:10:00,2025-08-31 08:20:00,2,PR0002,2025-08-31 08:10:00,2025-08-31 08:20:00,24,0
NEAT_0048,CUS0013,ITE0016,1,2,SCE002,3,PR0003,2025-08-31 08:20:00,2025-08-31 08:30:00,3,PR0003,2025-08-31 08:20:00,2025-08-31 08:30:00,24,0
NEAT_0048,CUS0013,ITE0016,1,2,SCE002,4,PR0004,2025-08-31 08:30:00,2025-08-31 08:40:00,4,PR0004,2025-08-31 08:30:00,2025-08-31 08:40:00,24,0
NEAT_0048,CUS0013,ITE0016,1,2,SCE002,5,PR0005,2025-08-31 08:40:00,2025-08-31 08:50:00,5,PR0005,2025-08-31 08:40:00,2025-08-31 08:50:00,24,0
NEAT_0048,CUS0013,ITE0016,1,2,SCE002,6,PR0006,2025-08-31 08:50:00,2025-08-31 09:00:00,6,PR0006,2025-08-31 08:50:00,2025-08-31 09:00:00,24,0
NEAT_0048,CUS0013,ITE0016,1,2,SCE002,7,PR0007,2025-08-31 09:00:00,2025-08-31 09:10:00,7,PR0007,2025-08-31 09:00:00,2025-08-31 09:10:00,24,0
NEAT_0048,CUS0013,ITE0016,1,2,SCE002,8,PR0013,2025-08-31 09:10:00,2025-08-31 09:20:00,8,PR0013,2025-08-31 09:10:00,2025-08-31 09:20:00,24,0
NEAT_0048,CUS0013,ITE0016,1,2,SCE002,9,PR0008,2025-08-31 09:20:00,2025-08-31 09:30:00,9,PR0008,2025-08-31 09:20:00,2025-08-31 09:30:00,24,0
NEAT_0048,CUS0013,ITE0016,1,2,SCE002,10,PR0009,2025-08-31 09:30:00,2025-08-31 09:40:00,10,PR0009,2025-08-31 09:30:00,2025-08-31 09:40:00,24,0
NEAT_0048,CUS0013,ITE0016,1,2,SCE002,11,PR0010,2025-08-31 09:40:00,2025-08-31 09:50:00,11,PR0010,2025-08-31 09:40:00,2025-08-31 09:50:00,24,0
NEAT_0048,CUS0013,ITE0016,1,2,SCE002,12,PR0011,2025-08-31 09:50:00,2025-08-31 10:00:00,12,PR0011,2025-08-31 09:50:00,2025-08-31 10:00:00,24,0
NEAT_0048,CUS0013,ITE0016,1,2,SCE002,13,PR0012,2025-08-31 10:00:00,2025-08-31 10:10:00,13,PR0012,2025-08-31 10:00:00,2025-08-31 10:10:00,24,0
NEAT_0049,CUS0011,ITE0011,2,2,SCE004,1,PR0001,2025-09-01 08:00:00,2025-09-01 08:10:00,1,PR0001,2025-09-01 08:00:00,2025-09-01 08:10:00,24,0
NEAT_0049,CUS0011,ITE0011,2,2,SCE004,2,PR0002,2025-09-01 08:10:00,2025-09-01 08:20:00,2,PR0002,2025-09-01 08:10:00,2025-09-01 08:20:00,24,0
NEAT_0049,CUS0011,ITE0011,2,2,SCE004,3,PR0003,2025-09-01 08:20:00,2025-09-01 08:30:00,3,PR0003,2025-09-01 08:20:00,2025-09-01 08:30:00,24,0
NEAT_0049,CUS0011,ITE0011,2,2,SCE004,4,PR0004,2025-09-01 08:30:00,2025-09-01 08:40:00,4,PR0004,2025-09-01 08:30:00,2025-09-01 08:40:00,24,0
NEAT_0049,CUS0011,ITE0011,2,2,SCE004,5,PR0005,2025-09-01 08:40:00,2025-09-01 08:50:00,5,PR0005,2025-09-01 08:40:00,2025-09-01 08:50:00,24,0
NEAT_0049,CUS0011,ITE0011,2,2,SCE004,6,PR0014,2025-09-01 08:50:00,2025-09-01 09:00:00,6,PR0014,2025-09-01 08:50:00,2025-09-01 09:00:00,24,0
NEAT_0049,CUS0011,ITE0011,2,2,SCE004,7,PR0006,2025-09-01 09:00:00,2025-09-01 09:10:00,7,PR0006,2025-09-01 09:00:00,2025-09-01 09:10:00,24,0
NEAT_0049,CUS0011,ITE0011,2,2,SCE004,8,PR0007,2025-09-01 09:10:00,2025-09-01 09:20:00,8,PR0007,2025-09-01 09:10:00,2025-09-01 09:20:00,24,0
NEAT_0049,CUS0011,ITE0011,2,2,SCE004,9,PR0008,2025-09-01 09:20:00,2025-09-01 09:30:00,9,PR0008,2025-09-01 09:20:00,2025-09-01 09:30:00,24,0
NEAT_0049,CUS0011,ITE0011,2,2,SCE004,10,PR0013,2025-09-01 09:30:00,2025-09-01 09:40:00,10,PR0013,2025-09-01 09:30:00,2025-09-01 09:40:00,24,0
NEAT_0049,CUS0011,ITE0011,2,2,SCE004,11,PR0009,2025-09-01 09:40:00,2025-09-01 09:50:00,11,PR0009,2025-09-01 09:40:00,2025-09-01 09:50:00,24,0
NEAT_0049,CUS0011,ITE0011,2,2,SCE004,12,PR0010,2025-09-01 09:50:00,2025-09-01 10:00:00,12,PR0010,2025-09-01 09:50:00,2025-09-01 10:00:00,24,0
NEAT_0049,CUS0011,ITE0011,2,2,SCE004,13,PR0011,2025-09-01 10:00:00,2025-09-01 10:10:00,13,PR0011,2025-09-01 10:00:00,2025-09-01 10:10:00,24,0
NEAT_0049,CUS0011,ITE0011,2,2,SCE004,14,PR0012,2025-09-01 10:10:00,2025-09-01 10:20:00,14,PR0012,2025-09-01 10:10:00,2025-09-01 10:20:00,24,0
NEAT_0050,CUS0002,ITE0017,2,2,SCE004,1,PR0001,2025-09-02 08:00:00,2025-09-02 08:10:00,1,PR0001,2025-09-02 08:00:00,2025-09-02 08:10:00,24,0
NEAT_0050,CUS0002,ITE0017,2,2,SCE004,2,PR0002,2025-09-02 08:10:00,2025-09-02 08:20:00,2,PR0002,2025-09-02 08:10:00,2025-09-02 08:20:00,24,0
NEAT_0050,CUS0002,ITE0017,2,2,SCE004,3,PR0003,2025-09-02 08:20:00,2025-09-02 08:30:00,3,PR0003,2025-09-02 08:20:00,2025-09-02 08:30:00,24,0
NEAT_0050,CUS0002,ITE0017,2,2,SCE004,4,PR0004,2025-09-02 08:30:00,2025-09-02 08:40:00,4,PR0004,2025-09-02 08:30:00,2025-09-02 08:40:00,24,0
NEAT_0050,CUS0002,ITE0017,2,2,SCE004,5,PR0005,2025-09-02 08:40:00,2025-09-02 08:50:00,5,PR0005,2025-09-02 08:40:00,2025-09-02 08:50:00,24,0
NEAT_0050,CUS0002,ITE0017,2,2,SCE004,6,PR0014,2025-09-02 08:50:00,2025-09-02 09:00:00,6,PR0014,2025-09-02 08:50:00,2025-09-02 09:00:00,24,0
NEAT_0050,CUS0002,ITE0017,2,2,SCE004,7,PR0006,2025-09-02 09:00:00,2025-09-02 09:10:00,7,PR0006,2025-09-02 09:00:00,2025-09-02 09:10:00,24,0
NEAT_0050,CUS0002,ITE0017,2,2,SCE004,8,PR0007,2025-09-02 09:10:00,2025-09-02 09:20:00,8,PR0007,2025-09-02 09:10:00,2025-09-02 09:20:00,24,0
NEAT_0050,CUS0002,ITE0017,2,2,SCE004,9,PR0008,2025-09-02 09:20:00,2025-09-02 09:30:00,9,PR0008,2025-09-02 09:20:00,2025-09-02 09:30:00,24,0
NEAT_0050,CUS0002,ITE0017,2,2,SCE004,10,PR0013,2025-09-02 09:30:00,2025-09-02 09:40:00,10,PR0013,2025-09-02 09:30:00,2025-09-02 09:40:00,24,0
NEAT_0050,CUS0002,ITE0017,2,2,SCE004,11,PR0009,2025-09-02 09:40:00,2025-09-02 09:50:00,11,PR0009,2025-09-02 09:40:00,2025-09-02 09:50:00,24,0
NEAT_0050,CUS0002,ITE0017,2,2,SCE004,12,PR0010,2025-09-02 09:50:00,2025-09-02 10:00:00,12,PR0010,2025-09-02 09:50:00,2025-09-02 10:00:00,24,0
NEAT_0050,CUS0002,ITE0017,2,2,SCE004,13,PR0011,2025-09-02 10:00:00,2025-09-02 10:10:00,13,PR0011,2025-09-02 10:00:00,2025-09-02 10:10:00,24,0
NEAT_0050,CUS0002,ITE0017,2,2,SCE004,14,PR0012,2025-09-02 10:10:00,2025-09-02 10:20:00,14,PR0012,2025-09-02 10:10:00,2025-09-02 10:20:00,24,0
